geo,renewable,year,installed_capacity
chile,geothermal,1990,0
chile,geothermal,1995,0
chile,geothermal,2000,0
chile,geothermal,2001,0
chile,geothermal,2002,0
chile,geothermal,2003,0
chile,geothermal,2004,0
chile,geothermal,2005,0
chile,geothermal,2006,0
chile,geothermal,2007,0
chile,geothermal,2008,0
chile,geothermal,2009,0
chile,geothermal,2010,0
chile,geothermal,2011,0
chile,geothermal,2012,0
chile,geothermal,2013,0
chile,geothermal,2014,0
chile,geothermal,2015,0
chile,geothermal,2016,0
chile,geothermal,2017,24
chile,geothermal,2018,48
chile,geothermal,2019,39.7
china,geothermal,1990,29.3
china,geothermal,1995,26.3
china,geothermal,2000,21.7
china,geothermal,2001,21.7
china,geothermal,2002,21.7
china,geothermal,2003,21.7
china,geothermal,2004,21.7
china,geothermal,2005,21.7
china,geothermal,2006,21.7
china,geothermal,2007,21.7
china,geothermal,2008,24.8
china,geothermal,2009,24.8
china,geothermal,2010,24.1
china,geothermal,2011,26.2
china,geothermal,2012,26.2
china,geothermal,2013,26
china,geothermal,2014,25.95
china,geothermal,2015,25.75
china,geothermal,2016,25.75
china,geothermal,2017,25.75
china,geothermal,2018,25.75
china,geothermal,2019,25.75
costa_rica,geothermal,1990,0
costa_rica,geothermal,1995,55
costa_rica,geothermal,2000,145
costa_rica,geothermal,2001,145
costa_rica,geothermal,2002,144.7
costa_rica,geothermal,2003,162.7
costa_rica,geothermal,2004,165.7
costa_rica,geothermal,2005,165.7
costa_rica,geothermal,2006,165.7
costa_rica,geothermal,2007,165.7
costa_rica,geothermal,2008,165.7
costa_rica,geothermal,2009,165.7
costa_rica,geothermal,2010,165.7
costa_rica,geothermal,2011,217.5
costa_rica,geothermal,2012,217.5
costa_rica,geothermal,2013,217.5
costa_rica,geothermal,2014,217.5
costa_rica,geothermal,2015,217.36
costa_rica,geothermal,2016,206.86
costa_rica,geothermal,2017,206.86
costa_rica,geothermal,2018,206.86
costa_rica,geothermal,2019,261.86
croatia,geothermal,1990,0
croatia,geothermal,1995,0
croatia,geothermal,2000,0
croatia,geothermal,2001,0
croatia,geothermal,2002,0
croatia,geothermal,2003,0
croatia,geothermal,2004,0
croatia,geothermal,2005,0
croatia,geothermal,2006,0
croatia,geothermal,2007,0
croatia,geothermal,2008,0
croatia,geothermal,2009,0
croatia,geothermal,2010,0
croatia,geothermal,2011,0
croatia,geothermal,2012,0
croatia,geothermal,2013,0
croatia,geothermal,2014,0
croatia,geothermal,2015,0
croatia,geothermal,2016,0
croatia,geothermal,2017,0
croatia,geothermal,2018,10
croatia,geothermal,2019,10
el_salvador,geothermal,1990,95
el_salvador,geothermal,1995,105
el_salvador,geothermal,2000,161.2
el_salvador,geothermal,2001,161.2
el_salvador,geothermal,2002,161.2
el_salvador,geothermal,2003,161.2
el_salvador,geothermal,2004,151.2
el_salvador,geothermal,2005,151.2
el_salvador,geothermal,2006,151.2
el_salvador,geothermal,2007,204.4
el_salvador,geothermal,2008,204.4
el_salvador,geothermal,2009,204.4
el_salvador,geothermal,2010,204.4
el_salvador,geothermal,2011,151.2
el_salvador,geothermal,2012,204.4
el_salvador,geothermal,2013,204.4
el_salvador,geothermal,2014,204.4
el_salvador,geothermal,2015,204.4
el_salvador,geothermal,2016,204.4
el_salvador,geothermal,2017,204.4
el_salvador,geothermal,2018,204.4
el_salvador,geothermal,2019,204.4
ethiopia,geothermal,1990,0
ethiopia,geothermal,1995,0
ethiopia,geothermal,2000,7.3
ethiopia,geothermal,2001,7.3
ethiopia,geothermal,2002,7.3
ethiopia,geothermal,2003,7.3
ethiopia,geothermal,2004,7.3
ethiopia,geothermal,2005,7.3
ethiopia,geothermal,2006,7.3
ethiopia,geothermal,2007,7.3
ethiopia,geothermal,2008,7.3
ethiopia,geothermal,2009,7.3
ethiopia,geothermal,2010,7.3
ethiopia,geothermal,2011,7.3
ethiopia,geothermal,2012,7.3
ethiopia,geothermal,2013,7.3
ethiopia,geothermal,2014,7.3
ethiopia,geothermal,2015,7.3
ethiopia,geothermal,2016,7.3
ethiopia,geothermal,2017,7.3
ethiopia,geothermal,2018,7.3
ethiopia,geothermal,2019,7.3
france,geothermal,1990,4.2
france,geothermal,1995,4.2
france,geothermal,2000,0
france,geothermal,2001,0
france,geothermal,2002,0
france,geothermal,2003,0
france,geothermal,2004,0
france,geothermal,2005,0
france,geothermal,2006,0
france,geothermal,2007,0
france,geothermal,2008,0
france,geothermal,2009,0
france,geothermal,2010,0
france,geothermal,2011,16.3
france,geothermal,2012,15.3
france,geothermal,2013,16.3
france,geothermal,2014,16.3
france,geothermal,2015,16.3
france,geothermal,2016,15.51
france,geothermal,2017,15.9
france,geothermal,2018,15.9
france,geothermal,2019,15.9
germany,geothermal,1990,0
germany,geothermal,1995,0
germany,geothermal,2000,0
germany,geothermal,2001,0
germany,geothermal,2002,0
germany,geothermal,2003,0
germany,geothermal,2004,0.2
germany,geothermal,2005,0.2
germany,geothermal,2006,0.2
germany,geothermal,2007,3
germany,geothermal,2008,3
germany,geothermal,2009,8
germany,geothermal,2010,8
germany,geothermal,2011,8
germany,geothermal,2012,12
germany,geothermal,2013,24
germany,geothermal,2014,29
germany,geothermal,2015,29
germany,geothermal,2016,33
germany,geothermal,2017,32
germany,geothermal,2018,36
germany,geothermal,2019,42
guatemala,geothermal,1990,0
guatemala,geothermal,1995,0
guatemala,geothermal,2000,29
guatemala,geothermal,2001,29
guatemala,geothermal,2002,29
guatemala,geothermal,2003,29
guatemala,geothermal,2004,29
guatemala,geothermal,2005,29
guatemala,geothermal,2006,54.2
guatemala,geothermal,2007,54.2
guatemala,geothermal,2008,54.2
guatemala,geothermal,2009,54.2
guatemala,geothermal,2010,54.2
guatemala,geothermal,2011,54.2
guatemala,geothermal,2012,54.2
guatemala,geothermal,2013,49.2
guatemala,geothermal,2014,49.2
guatemala,geothermal,2015,49.2
guatemala,geothermal,2016,49.2
guatemala,geothermal,2017,49.2
guatemala,geothermal,2018,49.2
guatemala,geothermal,2019,52
honduras,geothermal,1990,0
honduras,geothermal,1995,0
honduras,geothermal,2000,0
honduras,geothermal,2001,0
honduras,geothermal,2002,0
honduras,geothermal,2003,0
honduras,geothermal,2004,0
honduras,geothermal,2005,0
honduras,geothermal,2006,0
honduras,geothermal,2007,0
honduras,geothermal,2008,0
honduras,geothermal,2009,0
honduras,geothermal,2010,0
honduras,geothermal,2011,0
honduras,geothermal,2012,0
honduras,geothermal,2013,0
honduras,geothermal,2014,0
honduras,geothermal,2015,0
honduras,geothermal,2016,0
honduras,geothermal,2017,35
honduras,geothermal,2018,35
honduras,geothermal,2019,35
iceland,geothermal,1990,44.8
iceland,geothermal,1995,49.6
iceland,geothermal,2000,172
iceland,geothermal,2001,202
iceland,geothermal,2002,202
iceland,geothermal,2003,202
iceland,geothermal,2004,202
iceland,geothermal,2005,232
iceland,geothermal,2006,422
iceland,geothermal,2007,485
iceland,geothermal,2008,575
iceland,geothermal,2009,575
iceland,geothermal,2010,575
iceland,geothermal,2011,665
iceland,geothermal,2012,665
iceland,geothermal,2013,665
iceland,geothermal,2014,665
iceland,geothermal,2015,665
iceland,geothermal,2016,663
iceland,geothermal,2017,708
iceland,geothermal,2018,753
iceland,geothermal,2019,753
indonesia,geothermal,2000,525
indonesia,geothermal,2001,785
indonesia,geothermal,2002,785
indonesia,geothermal,2003,805
indonesia,geothermal,2004,820
indonesia,geothermal,2005,850
indonesia,geothermal,2006,850
indonesia,geothermal,2007,980
indonesia,geothermal,2008,1052
indonesia,geothermal,2009,1189
indonesia,geothermal,2010,1189
indonesia,geothermal,2011,1226
indonesia,geothermal,2012,1336
indonesia,geothermal,2013,1343.5
indonesia,geothermal,2014,1403.5
indonesia,geothermal,2015,1438.5
indonesia,geothermal,2016,1643.5
indonesia,geothermal,2017,1808.5
indonesia,geothermal,2018,1945.5
indonesia,geothermal,2019,2130.5
italy,geothermal,1990,545
italy,geothermal,1995,631.7
italy,geothermal,2000,590
italy,geothermal,2001,573
italy,geothermal,2002,666
italy,geothermal,2003,707
italy,geothermal,2004,642
italy,geothermal,2005,671
italy,geothermal,2006,671
italy,geothermal,2007,671
italy,geothermal,2008,671
italy,geothermal,2009,695
italy,geothermal,2010,728
italy,geothermal,2011,728
italy,geothermal,2012,728
italy,geothermal,2013,729
italy,geothermal,2014,768
italy,geothermal,2015,768
italy,geothermal,2016,767
italy,geothermal,2017,767.19
italy,geothermal,2018,767.19
italy,geothermal,2019,800
japan,geothermal,1990,214.6
japan,geothermal,1995,413.7
japan,geothermal,2000,533
japan,geothermal,2001,533
japan,geothermal,2002,533
japan,geothermal,2003,535
japan,geothermal,2004,535
japan,geothermal,2005,535
japan,geothermal,2006,532
japan,geothermal,2007,532
japan,geothermal,2008,532
japan,geothermal,2009,535
japan,geothermal,2010,537
japan,geothermal,2011,537
japan,geothermal,2012,512
japan,geothermal,2013,512
japan,geothermal,2014,508
japan,geothermal,2015,516
japan,geothermal,2016,526
japan,geothermal,2017,481
japan,geothermal,2018,482
japan,geothermal,2019,525
kenya,geothermal,1990,45
kenya,geothermal,1995,45
kenya,geothermal,2000,58
kenya,geothermal,2001,58
kenya,geothermal,2002,58
kenya,geothermal,2003,58
kenya,geothermal,2004,128
kenya,geothermal,2005,128
kenya,geothermal,2006,128
kenya,geothermal,2007,128
kenya,geothermal,2008,128
kenya,geothermal,2009,163
kenya,geothermal,2010,198
kenya,geothermal,2011,198
kenya,geothermal,2012,205.5
kenya,geothermal,2013,205.5
kenya,geothermal,2014,366.1
kenya,geothermal,2015,618.9
kenya,geothermal,2016,662.9
kenya,geothermal,2017,672.9
kenya,geothermal,2018,663
kenya,geothermal,2019,823
mexico,geothermal,1990,743
mexico,geothermal,1995,743
mexico,geothermal,2000,855
mexico,geothermal,2001,838
mexico,geothermal,2002,843
mexico,geothermal,2003,960
mexico,geothermal,2004,960
mexico,geothermal,2005,960
mexico,geothermal,2006,960
mexico,geothermal,2007,960
mexico,geothermal,2008,963
mexico,geothermal,2009,965
mexico,geothermal,2010,965
mexico,geothermal,2011,887
mexico,geothermal,2012,824
mexico,geothermal,2013,823
mexico,geothermal,2014,813
mexico,geothermal,2015,906
mexico,geothermal,2016,926
mexico,geothermal,2017,925.7
mexico,geothermal,2018,950.6
mexico,geothermal,2019,935.6
new_zealand,geothermal,1990,261
new_zealand,geothermal,1995,265
new_zealand,geothermal,2000,418
new_zealand,geothermal,2001,417
new_zealand,geothermal,2002,373
new_zealand,geothermal,2003,378
new_zealand,geothermal,2004,378
new_zealand,geothermal,2005,433
new_zealand,geothermal,2006,433
new_zealand,geothermal,2007,451
new_zealand,geothermal,2008,593
new_zealand,geothermal,2009,633
new_zealand,geothermal,2010,731
new_zealand,geothermal,2011,731
new_zealand,geothermal,2012,731
new_zealand,geothermal,2013,813
new_zealand,geothermal,2014,924
new_zealand,geothermal,2015,941
new_zealand,geothermal,2016,941
new_zealand,geothermal,2017,941
new_zealand,geothermal,2018,965
new_zealand,geothermal,2019,965
nicaragua,geothermal,1990,35
nicaragua,geothermal,1995,70
nicaragua,geothermal,2000,21
nicaragua,geothermal,2001,26
nicaragua,geothermal,2002,77.5
nicaragua,geothermal,2003,77.5
nicaragua,geothermal,2004,77.5
nicaragua,geothermal,2005,87.5
nicaragua,geothermal,2006,87.5
nicaragua,geothermal,2007,87.5
nicaragua,geothermal,2008,87.5
nicaragua,geothermal,2009,87.5
nicaragua,geothermal,2010,87.5
nicaragua,geothermal,2011,87.5
nicaragua,geothermal,2012,164.5
nicaragua,geothermal,2013,154.5
nicaragua,geothermal,2014,154.5
nicaragua,geothermal,2015,154.5
nicaragua,geothermal,2016,154.5
nicaragua,geothermal,2017,154.5
nicaragua,geothermal,2018,154.5
nicaragua,geothermal,2019,153.24
other_asia_pacific,geothermal,1990,0.5
other_asia_pacific,geothermal,1995,0.5
other_asia_pacific,geothermal,2000,0.5
other_asia_pacific,geothermal,2001,0.5
other_asia_pacific,geothermal,2002,0.5
other_asia_pacific,geothermal,2003,0.4
other_asia_pacific,geothermal,2004,0.4
other_asia_pacific,geothermal,2005,0.5
other_asia_pacific,geothermal,2006,0.4
other_asia_pacific,geothermal,2007,0.4
other_asia_pacific,geothermal,2008,0.4
other_asia_pacific,geothermal,2009,0.4
other_asia_pacific,geothermal,2010,0.4
other_asia_pacific,geothermal,2011,0.4
other_asia_pacific,geothermal,2012,0.4
other_asia_pacific,geothermal,2013,0.4
other_asia_pacific,geothermal,2014,0.4
other_asia_pacific,geothermal,2015,0.4
other_asia_pacific,geothermal,2016,0.4
other_asia_pacific,geothermal,2017,0.4
other_asia_pacific,geothermal,2018,0.33
other_asia_pacific,geothermal,2019,1.16
other_europe,geothermal,1990,0
other_europe,geothermal,1995,0
other_europe,geothermal,2000,0
other_europe,geothermal,2001,0
other_europe,geothermal,2002,2
other_europe,geothermal,2003,2
other_europe,geothermal,2004,2
other_europe,geothermal,2005,0.9
other_europe,geothermal,2006,0.9
other_europe,geothermal,2007,0.9
other_europe,geothermal,2008,0.9
other_europe,geothermal,2009,0.9
other_europe,geothermal,2010,0.9
other_europe,geothermal,2011,0.9
other_europe,geothermal,2012,0.9
other_europe,geothermal,2013,0.9
other_europe,geothermal,2014,0.965
other_europe,geothermal,2015,0.965
other_europe,geothermal,2016,0.974
other_europe,geothermal,2017,3.965
other_europe,geothermal,2018,3.965
other_europe,geothermal,2019,3.965
other_s_and_cent_america,geothermal,1990,0
other_s_and_cent_america,geothermal,1995,0
other_s_and_cent_america,geothermal,2000,4.6
other_s_and_cent_america,geothermal,2001,4.6
other_s_and_cent_america,geothermal,2002,4.6
other_s_and_cent_america,geothermal,2003,4.6
other_s_and_cent_america,geothermal,2004,4.6
other_s_and_cent_america,geothermal,2005,15.6
other_s_and_cent_america,geothermal,2006,15.6
other_s_and_cent_america,geothermal,2007,15.6
other_s_and_cent_america,geothermal,2008,15.6
other_s_and_cent_america,geothermal,2009,15
other_s_and_cent_america,geothermal,2010,15
other_s_and_cent_america,geothermal,2011,15
other_s_and_cent_america,geothermal,2012,15
other_s_and_cent_america,geothermal,2013,15
other_s_and_cent_america,geothermal,2014,11.5
other_s_and_cent_america,geothermal,2015,14.5
other_s_and_cent_america,geothermal,2016,14.5
other_s_and_cent_america,geothermal,2017,15
other_s_and_cent_america,geothermal,2018,15
other_s_and_cent_america,geothermal,2019,15
papua_new_guinea,geothermal,1990,0
papua_new_guinea,geothermal,1995,0
papua_new_guinea,geothermal,2000,0
papua_new_guinea,geothermal,2001,0
papua_new_guinea,geothermal,2002,0
papua_new_guinea,geothermal,2003,6
papua_new_guinea,geothermal,2004,6
papua_new_guinea,geothermal,2005,36
papua_new_guinea,geothermal,2006,36
papua_new_guinea,geothermal,2007,56
papua_new_guinea,geothermal,2008,56
papua_new_guinea,geothermal,2009,56
papua_new_guinea,geothermal,2010,56
papua_new_guinea,geothermal,2011,56
papua_new_guinea,geothermal,2012,56
papua_new_guinea,geothermal,2013,56
papua_new_guinea,geothermal,2014,56
papua_new_guinea,geothermal,2015,56
papua_new_guinea,geothermal,2016,56
papua_new_guinea,geothermal,2017,56
papua_new_guinea,geothermal,2018,56
papua_new_guinea,geothermal,2019,56
philippines,geothermal,1990,888
philippines,geothermal,1995,1154
philippines,geothermal,2000,1846.5
philippines,geothermal,2001,1846.5
philippines,geothermal,2002,1846.5
philippines,geothermal,2003,1846.5
philippines,geothermal,2004,1846.5
philippines,geothermal,2005,1846.5
philippines,geothermal,2006,1846.5
philippines,geothermal,2007,1846.5
philippines,geothermal,2008,1846.5
philippines,geothermal,2009,1846.5
philippines,geothermal,2010,1846.5
philippines,geothermal,2011,1846.5
philippines,geothermal,2012,1846.5
philippines,geothermal,2013,1846.5
philippines,geothermal,2014,1916.1
philippines,geothermal,2015,1916.1
philippines,geothermal,2016,1916.1
philippines,geothermal,2017,1916.1
philippines,geothermal,2018,1928.1
philippines,geothermal,2019,1928.1
portugal,geothermal,1990,3
portugal,geothermal,1995,5
portugal,geothermal,2000,14
portugal,geothermal,2001,14
portugal,geothermal,2002,14
portugal,geothermal,2003,14
portugal,geothermal,2004,14
portugal,geothermal,2005,14
portugal,geothermal,2006,25
portugal,geothermal,2007,25
portugal,geothermal,2008,25
portugal,geothermal,2009,25
portugal,geothermal,2010,25
portugal,geothermal,2011,25
portugal,geothermal,2012,25
portugal,geothermal,2013,25
portugal,geothermal,2014,25
portugal,geothermal,2015,25
portugal,geothermal,2016,25
portugal,geothermal,2017,29.1
portugal,geothermal,2018,29.1
portugal,geothermal,2019,29.1
russian_federation,geothermal,1990,11
russian_federation,geothermal,1995,11
russian_federation,geothermal,2000,23
russian_federation,geothermal,2001,21
russian_federation,geothermal,2002,70
russian_federation,geothermal,2003,70
russian_federation,geothermal,2004,56
russian_federation,geothermal,2005,79
russian_federation,geothermal,2006,87
russian_federation,geothermal,2007,90
russian_federation,geothermal,2008,80
russian_federation,geothermal,2009,81
russian_federation,geothermal,2010,81
russian_federation,geothermal,2011,81
russian_federation,geothermal,2012,81
russian_federation,geothermal,2013,79
russian_federation,geothermal,2014,78
russian_federation,geothermal,2015,78
russian_federation,geothermal,2016,78
russian_federation,geothermal,2017,74
russian_federation,geothermal,2018,74
russian_federation,geothermal,2019,74
total_africa,geothermal,1990,45
total_africa,geothermal,1995,45
total_africa,geothermal,2000,65.3
total_africa,geothermal,2001,65.3
total_africa,geothermal,2002,65.3
total_africa,geothermal,2003,65.3
total_africa,geothermal,2004,135.3
total_africa,geothermal,2005,135.3
total_africa,geothermal,2006,135.3
total_africa,geothermal,2007,135.3
total_africa,geothermal,2008,135.3
total_africa,geothermal,2009,170.3
total_africa,geothermal,2010,205.3
total_africa,geothermal,2011,205.3
total_africa,geothermal,2012,212.8
total_africa,geothermal,2013,212.8
total_africa,geothermal,2014,373.4
total_africa,geothermal,2015,626.2
total_africa,geothermal,2016,670.2
total_africa,geothermal,2017,680.2
total_africa,geothermal,2018,670.3
total_africa,geothermal,2019,830.3
total_asia_pacific,geothermal,1990,1393.4
total_asia_pacific,geothermal,1995,1859.5
total_asia_pacific,geothermal,2000,3344.7
total_asia_pacific,geothermal,2001,3603.7
total_asia_pacific,geothermal,2002,3559.7
total_asia_pacific,geothermal,2003,3592.6
total_asia_pacific,geothermal,2004,3607.6
total_asia_pacific,geothermal,2005,3722.7
total_asia_pacific,geothermal,2006,3719.6
total_asia_pacific,geothermal,2007,3887.6
total_asia_pacific,geothermal,2008,4104.7
total_asia_pacific,geothermal,2009,4284.7
total_asia_pacific,geothermal,2010,4384
total_asia_pacific,geothermal,2011,4423.1
total_asia_pacific,geothermal,2012,4508.1
total_asia_pacific,geothermal,2013,4597.4
total_asia_pacific,geothermal,2014,4833.95
total_asia_pacific,geothermal,2015,4893.75
total_asia_pacific,geothermal,2016,5108.75
total_asia_pacific,geothermal,2017,5228.75
total_asia_pacific,geothermal,2018,5402.68
total_asia_pacific,geothermal,2019,5631.51
total_cis,geothermal,2000,23
total_cis,geothermal,2001,21
total_cis,geothermal,2002,70
total_cis,geothermal,2003,70
total_cis,geothermal,2004,56
total_cis,geothermal,2005,79
total_cis,geothermal,2006,87
total_cis,geothermal,2007,90
total_cis,geothermal,2008,80
total_cis,geothermal,2009,81
total_cis,geothermal,2010,81
total_cis,geothermal,2011,81
total_cis,geothermal,2012,81
total_cis,geothermal,2013,79
total_cis,geothermal,2014,78
total_cis,geothermal,2015,78
total_cis,geothermal,2016,78
total_cis,geothermal,2017,78
total_cis,geothermal,2018,78
total_cis,geothermal,2019,74
total_europe,geothermal,1990,617.6
total_europe,geothermal,1995,710.9
total_europe,geothermal,2000,794
total_europe,geothermal,2001,807
total_europe,geothermal,2002,902
total_europe,geothermal,2003,940
total_europe,geothermal,2004,875.2
total_europe,geothermal,2005,933.1
total_europe,geothermal,2006,1142.1
total_europe,geothermal,2007,1207.9
total_europe,geothermal,2008,1304.9
total_europe,geothermal,2009,1380.9
total_europe,geothermal,2010,1430.9
total_europe,geothermal,2011,1557.2
total_europe,geothermal,2012,1608.2
total_europe,geothermal,2013,1771.2
total_europe,geothermal,2014,1909.265
total_europe,geothermal,2015,2128.265
total_europe,geothermal,2016,2325.484
total_europe,geothermal,2017,2619.855
total_europe,geothermal,2018,2897.655
total_europe,geothermal,2019,3168.665
total_north_america,geothermal,1990,3656.5
total_north_america,geothermal,1995,3913.96
total_north_america,geothermal,2000,3648
total_north_america,geothermal,2001,3054
total_north_america,geothermal,2002,3095
total_north_america,geothermal,2003,3093
total_north_america,geothermal,2004,3112
total_north_america,geothermal,2005,3245
total_north_america,geothermal,2006,3234
total_north_america,geothermal,2007,3174
total_north_america,geothermal,2008,3192
total_north_america,geothermal,2009,3347
total_north_america,geothermal,2010,3370
total_north_america,geothermal,2011,3296
total_north_america,geothermal,2012,3416
total_north_america,geothermal,2013,3430
total_north_america,geothermal,2014,3327
total_north_america,geothermal,2015,3448
total_north_america,geothermal,2016,3443
total_north_america,geothermal,2017,3408.7
total_north_america,geothermal,2018,3491.1
total_north_america,geothermal,2019,3490.9
total_s_cent_america,geothermal,1990,130
total_s_cent_america,geothermal,1995,230
total_s_cent_america,geothermal,2000,360.8
total_s_cent_america,geothermal,2001,365.8
total_s_cent_america,geothermal,2002,417
total_s_cent_america,geothermal,2003,435
total_s_cent_america,geothermal,2004,428
total_s_cent_america,geothermal,2005,449
total_s_cent_america,geothermal,2006,474.2
total_s_cent_america,geothermal,2007,527.4
total_s_cent_america,geothermal,2008,527.4
total_s_cent_america,geothermal,2009,526.8
total_s_cent_america,geothermal,2010,526.8
total_s_cent_america,geothermal,2011,525.4
total_s_cent_america,geothermal,2012,655.6
total_s_cent_america,geothermal,2013,640.6
total_s_cent_america,geothermal,2014,637.1
total_s_cent_america,geothermal,2015,639.96
total_s_cent_america,geothermal,2016,629.46
total_s_cent_america,geothermal,2017,688.96
total_s_cent_america,geothermal,2018,712.96
total_s_cent_america,geothermal,2019,761.2
total_world,geothermal,1975,1300
total_world,geothermal,1980,3887
total_world,geothermal,1985,4764
total_world,geothermal,1990,5853.5
total_world,geothermal,1995,6770.36
total_world,geothermal,2000,8235.8
total_world,geothermal,2001,7916.8
total_world,geothermal,2002,8109
total_world,geothermal,2003,8195.9
total_world,geothermal,2004,8214.1
total_world,geothermal,2005,8564.1
total_world,geothermal,2006,8792.2
total_world,geothermal,2007,9022.2
total_world,geothermal,2008,9344.3
total_world,geothermal,2009,9790.7
total_world,geothermal,2010,9998
total_world,geothermal,2011,10088
total_world,geothermal,2012,10481.7
total_world,geothermal,2013,10731
total_world,geothermal,2014,11158.715
total_world,geothermal,2015,11814.175
total_world,geothermal,2016,12254.894
total_world,geothermal,2017,12704.465
total_world,geothermal,2018,13252.695
total_world,geothermal,2019,13930.575
turkey,geothermal,1990,20.6
turkey,geothermal,1995,20.4
turkey,geothermal,2000,18
turkey,geothermal,2001,18
turkey,geothermal,2002,18
turkey,geothermal,2003,15
turkey,geothermal,2004,15
turkey,geothermal,2005,15
turkey,geothermal,2006,23
turkey,geothermal,2007,23
turkey,geothermal,2008,30
turkey,geothermal,2009,77
turkey,geothermal,2010,94
turkey,geothermal,2011,114
turkey,geothermal,2012,162
turkey,geothermal,2013,311
turkey,geothermal,2014,405
turkey,geothermal,2015,624
turkey,geothermal,2016,821
turkey,geothermal,2017,1063.7
turkey,geothermal,2018,1282.5
turkey,geothermal,2019,1514.7
us,geothermal,1990,2913.5
us,geothermal,1995,3170.96
us,geothermal,2000,2793
us,geothermal,2001,2216
us,geothermal,2002,2252
us,geothermal,2003,2133
us,geothermal,2004,2152
us,geothermal,2005,2285
us,geothermal,2006,2274
us,geothermal,2007,2214
us,geothermal,2008,2229
us,geothermal,2009,2382
us,geothermal,2010,2405
us,geothermal,2011,2409
us,geothermal,2012,2592
us,geothermal,2013,2607
us,geothermal,2014,2514
us,geothermal,2015,2542
us,geothermal,2016,2517
us,geothermal,2017,2483
us,geothermal,2018,2540.5
us,geothermal,2019,2555.3
algeria,solar,1996,0
algeria,solar,1997,0
algeria,solar,1998,0
algeria,solar,1999,0
algeria,solar,2000,0
algeria,solar,2001,0
algeria,solar,2002,0
algeria,solar,2003,0
algeria,solar,2004,0
algeria,solar,2005,0
algeria,solar,2006,0
algeria,solar,2007,0
algeria,solar,2008,0
algeria,solar,2009,0
algeria,solar,2010,25
algeria,solar,2011,25
algeria,solar,2012,25
algeria,solar,2013,25
algeria,solar,2014,26.1
algeria,solar,2015,74.1
algeria,solar,2016,244.1
algeria,solar,2017,425
algeria,solar,2018,448
algeria,solar,2019,448
australia,solar,1996,16
australia,solar,1997,19
australia,solar,1998,23
australia,solar,1999,25
australia,solar,2000,25
australia,solar,2001,29
australia,solar,2002,34
australia,solar,2003,39.4
australia,solar,2004,46.4
australia,solar,2005,52.4
australia,solar,2006,61.4
australia,solar,2007,73
australia,solar,2008,85
australia,solar,2009,332
australia,solar,2010,1091
australia,solar,2011,2473
australia,solar,2012,3799
australia,solar,2013,4568
australia,solar,2014,5287
australia,solar,2015,5946
australia,solar,2016,6689
australia,solar,2017,7354
australia,solar,2018,11305
australia,solar,2019,15930
austria,solar,1996,1.7
austria,solar,1997,2.2
austria,solar,1998,2.9
austria,solar,1999,3.7
austria,solar,2000,5
austria,solar,2001,7
austria,solar,2002,9
austria,solar,2003,23
austria,solar,2004,27
austria,solar,2005,21
austria,solar,2006,22.4
austria,solar,2007,24.2
austria,solar,2008,30.1
austria,solar,2009,48.9
austria,solar,2010,88.8
austria,solar,2011,174.1
austria,solar,2012,337.5
austria,solar,2013,626
austria,solar,2014,785.246
austria,solar,2015,937.098
austria,solar,2016,1096.016
austria,solar,2017,1268.971
austria,solar,2018,1437.641
austria,solar,2019,1577.641
belgium,solar,1996,0
belgium,solar,1997,0
belgium,solar,1998,0
belgium,solar,1999,0
belgium,solar,2000,0
belgium,solar,2001,0
belgium,solar,2002,1
belgium,solar,2003,1
belgium,solar,2004,1
belgium,solar,2005,2
belgium,solar,2006,2
belgium,solar,2007,20
belgium,solar,2008,62
belgium,solar,2009,386
belgium,solar,2010,1006.9
belgium,solar,2011,1979.1
belgium,solar,2012,2646.5
belgium,solar,2013,2902.4
belgium,solar,2014,3015.2
belgium,solar,2015,3131.7
belgium,solar,2016,3327
belgium,solar,2017,3616.2
belgium,solar,2018,3986.5
belgium,solar,2019,4530.5
brazil,solar,1996,0
brazil,solar,1997,0
brazil,solar,1998,0
brazil,solar,1999,0
brazil,solar,2000,0
brazil,solar,2001,0
brazil,solar,2002,0
brazil,solar,2003,0
brazil,solar,2004,0
brazil,solar,2005,0
brazil,solar,2006,0
brazil,solar,2007,0
brazil,solar,2008,0
brazil,solar,2009,0
brazil,solar,2010,1
brazil,solar,2011,1
brazil,solar,2012,2
brazil,solar,2013,5
brazil,solar,2014,15.721
brazil,solar,2015,26.846
brazil,solar,2016,84.091
brazil,solar,2017,1104.212
brazil,solar,2018,2077.979
brazil,solar,2019,2484.875
bulgaria,solar,1996,0
bulgaria,solar,1997,0
bulgaria,solar,1998,0
bulgaria,solar,1999,0
bulgaria,solar,2000,0
bulgaria,solar,2001,0
bulgaria,solar,2002,0
bulgaria,solar,2003,0
bulgaria,solar,2004,0
bulgaria,solar,2005,0
bulgaria,solar,2006,0
bulgaria,solar,2007,0
bulgaria,solar,2008,0
bulgaria,solar,2009,2
bulgaria,solar,2010,25
bulgaria,solar,2011,154
bulgaria,solar,2012,1013
bulgaria,solar,2013,1020
bulgaria,solar,2014,1026
bulgaria,solar,2015,1029
bulgaria,solar,2016,1028
bulgaria,solar,2017,1035.57
bulgaria,solar,2018,1032.679
bulgaria,solar,2019,1065.064
canada,solar,1996,3
canada,solar,1997,3
canada,solar,1998,5
canada,solar,1999,6
canada,solar,2000,7
canada,solar,2001,9
canada,solar,2002,10
canada,solar,2003,12
canada,solar,2004,14
canada,solar,2005,17
canada,solar,2006,21
canada,solar,2007,26
canada,solar,2008,33
canada,solar,2009,95
canada,solar,2010,221
canada,solar,2011,497
canada,solar,2012,766
canada,solar,2013,1210
canada,solar,2014,1843
canada,solar,2015,2517
canada,solar,2016,2661
canada,solar,2017,2913
canada,solar,2018,3100
canada,solar,2019,3310
chile,solar,1996,0
chile,solar,1997,0
chile,solar,1998,0
chile,solar,1999,0
chile,solar,2000,0
chile,solar,2001,0
chile,solar,2002,0
chile,solar,2003,0
chile,solar,2004,0
chile,solar,2005,0
chile,solar,2006,0
chile,solar,2007,0
chile,solar,2008,0
chile,solar,2009,0
chile,solar,2010,0
chile,solar,2011,0
chile,solar,2012,2
chile,solar,2013,15
chile,solar,2014,221
chile,solar,2015,576
chile,solar,2016,1125
chile,solar,2017,1809
chile,solar,2018,2137
chile,solar,2019,2647.779
china,solar,1996,1
china,solar,1997,2.5
china,solar,1998,5
china,solar,1999,10
china,solar,2000,33.515
china,solar,2001,38.02
china,solar,2002,56.53
china,solar,2003,66.6
china,solar,2004,76.6
china,solar,2005,141.2
china,solar,2006,160.2
china,solar,2007,199
china,solar,2008,253
china,solar,2009,414.8
china,solar,2010,1021.8
china,solar,2011,3107.8
china,solar,2012,6718.8
china,solar,2013,17758.8
china,solar,2014,28398.8
china,solar,2015,43548.8
china,solar,2016,77808.8
china,solar,2017,130822.29
china,solar,2018,175236.864
china,solar,2019,205493.165
czech_republic,solar,1996,0
czech_republic,solar,1997,0
czech_republic,solar,1998,0
czech_republic,solar,1999,0
czech_republic,solar,2000,0.1
czech_republic,solar,2001,0.1
czech_republic,solar,2002,0.2
czech_republic,solar,2003,0.3
czech_republic,solar,2004,0.4
czech_republic,solar,2005,1
czech_republic,solar,2006,1
czech_republic,solar,2007,4
czech_republic,solar,2008,40
czech_republic,solar,2009,465
czech_republic,solar,2010,1727
czech_republic,solar,2011,1913
czech_republic,solar,2012,2022
czech_republic,solar,2013,2064
czech_republic,solar,2014,2067.4
czech_republic,solar,2015,2074.9
czech_republic,solar,2016,2067.9
czech_republic,solar,2017,2069.5
czech_republic,solar,2018,2075.072
czech_republic,solar,2019,2070.472
denmark,solar,1996,0
denmark,solar,1997,0
denmark,solar,1998,0
denmark,solar,1999,0
denmark,solar,2000,1
denmark,solar,2001,1
denmark,solar,2002,2
denmark,solar,2003,2
denmark,solar,2004,2
denmark,solar,2005,3
denmark,solar,2006,3
denmark,solar,2007,3
denmark,solar,2008,3
denmark,solar,2009,5
denmark,solar,2010,7
denmark,solar,2011,17
denmark,solar,2012,402
denmark,solar,2013,571
denmark,solar,2014,607
denmark,solar,2015,782.108
denmark,solar,2016,850.953
denmark,solar,2017,906.35
denmark,solar,2018,998
denmark,solar,2019,1079
egypt,solar,1996,0.1
egypt,solar,1997,0.1
egypt,solar,1998,0.1
egypt,solar,1999,0.1
egypt,solar,2000,0.1
egypt,solar,2001,0.5
egypt,solar,2002,0.6
egypt,solar,2003,0.6
egypt,solar,2004,0.6
egypt,solar,2005,0.6
egypt,solar,2006,0.6
egypt,solar,2007,0.7
egypt,solar,2008,0.9
egypt,solar,2009,1.3
egypt,solar,2010,15
egypt,solar,2011,35
egypt,solar,2012,35
egypt,solar,2013,35
egypt,solar,2014,35
egypt,solar,2015,45
egypt,solar,2016,68
egypt,solar,2017,189
egypt,solar,2018,771
egypt,solar,2019,1668
france,solar,1996,4
france,solar,1997,6
france,solar,1998,8
france,solar,1999,9
france,solar,2000,7
france,solar,2001,7
france,solar,2002,8
france,solar,2003,9
france,solar,2004,11
france,solar,2005,13
france,solar,2006,15
france,solar,2007,26
france,solar,2008,80
france,solar,2009,277
france,solar,2010,1044
france,solar,2011,3003.6
france,solar,2012,4358.8
france,solar,2013,5277.3
france,solar,2014,6034.417
france,solar,2015,7137.517
france,solar,2016,7702.081
france,solar,2017,8610.437
france,solar,2018,9617.025
france,solar,2019,10571.025
germany,solar,1996,28
germany,solar,1997,42
germany,solar,1998,54
germany,solar,1999,70
germany,solar,2000,114
germany,solar,2001,195
germany,solar,2002,260
germany,solar,2003,435
germany,solar,2004,1105
germany,solar,2005,2056
germany,solar,2006,2899
germany,solar,2007,4170
germany,solar,2008,6120
germany,solar,2009,10567
germany,solar,2010,18007
germany,solar,2011,25917
germany,solar,2012,34077
germany,solar,2013,36711
germany,solar,2014,37900
germany,solar,2015,39224
germany,solar,2016,40679
germany,solar,2017,42293
germany,solar,2018,45181
germany,solar,2019,48962
greece,solar,1996,0
greece,solar,1997,0
greece,solar,1998,0
greece,solar,1999,0
greece,solar,2000,0
greece,solar,2001,1
greece,solar,2002,1
greece,solar,2003,1
greece,solar,2004,1
greece,solar,2005,1
greece,solar,2006,5
greece,solar,2007,9
greece,solar,2008,12
greece,solar,2009,46
greece,solar,2010,202
greece,solar,2011,612
greece,solar,2012,1536
greece,solar,2013,2579
greece,solar,2014,2596
greece,solar,2015,2604
greece,solar,2016,2604
greece,solar,2017,2605.53
greece,solar,2018,2651.57
greece,solar,2019,2762.57
honduras,solar,1996,0
honduras,solar,1997,0
honduras,solar,1998,0
honduras,solar,1999,1
honduras,solar,2000,1.6
honduras,solar,2001,1.8
honduras,solar,2002,2
honduras,solar,2003,2.1
honduras,solar,2004,2.4
honduras,solar,2005,2.7
honduras,solar,2006,2.9
honduras,solar,2007,3.2
honduras,solar,2008,3.2
honduras,solar,2009,3.5
honduras,solar,2010,3.7
honduras,solar,2011,4.5
honduras,solar,2012,5.2
honduras,solar,2013,5.2
honduras,solar,2014,5.156
honduras,solar,2015,393.156
honduras,solar,2016,414.156
honduras,solar,2017,453.786
honduras,solar,2018,484.786
honduras,solar,2019,510.8
hungary,solar,1996,0
hungary,solar,1997,0
hungary,solar,1998,0
hungary,solar,1999,0
hungary,solar,2000,0
hungary,solar,2001,0
hungary,solar,2002,0
hungary,solar,2003,0
hungary,solar,2004,0
hungary,solar,2005,0
hungary,solar,2006,0
hungary,solar,2007,0
hungary,solar,2008,1
hungary,solar,2009,1
hungary,solar,2010,2
hungary,solar,2011,4
hungary,solar,2012,12
hungary,solar,2013,35
hungary,solar,2014,89
hungary,solar,2015,172
hungary,solar,2016,235
hungary,solar,2017,344
hungary,solar,2018,726
hungary,solar,2019,1277
india,solar,1996,0
india,solar,1997,0
india,solar,1998,0
india,solar,1999,0
india,solar,2000,0
india,solar,2001,1.1
india,solar,2002,5.5
india,solar,2003,6.7
india,solar,2004,7.9
india,solar,2005,7.8
india,solar,2006,11.6
india,solar,2007,9.6
india,solar,2008,25.1
india,solar,2009,27.7
india,solar,2010,39.4
india,solar,2011,65.4
india,solar,2012,565.8
india,solar,2013,926
india,solar,2014,3672.508
india,solar,2015,5593.484
india,solar,2016,9879.021
india,solar,2017,18151.756
india,solar,2018,27355.324
india,solar,2019,35059.884
israel,solar,1996,0
israel,solar,1997,0.3
israel,solar,1998,0.3
israel,solar,1999,0.4
israel,solar,2000,0
israel,solar,2001,0
israel,solar,2002,0
israel,solar,2003,0
israel,solar,2004,0
israel,solar,2005,1
israel,solar,2006,1.3
israel,solar,2007,1.8
israel,solar,2008,9
israel,solar,2009,30.6
israel,solar,2010,76
israel,solar,2011,195.8
israel,solar,2012,242.8
israel,solar,2013,426.1
israel,solar,2014,676.1
israel,solar,2015,771.85
israel,solar,2016,872.1
israel,solar,2017,975.1
israel,solar,2018,1076.1
israel,solar,2019,1438.1
italy,solar,1996,16
italy,solar,1997,17
italy,solar,1998,18
italy,solar,1999,18
italy,solar,2000,19
italy,solar,2001,20
italy,solar,2002,22
italy,solar,2003,26
italy,solar,2004,31
italy,solar,2005,34
italy,solar,2006,45
italy,solar,2007,110
italy,solar,2008,483
italy,solar,2009,1264
italy,solar,2010,3596.7
italy,solar,2011,13135.7
italy,solar,2012,16789.7
italy,solar,2013,18190.1
italy,solar,2014,18600.07
italy,solar,2015,18907.07
italy,solar,2016,19289.07
italy,solar,2017,19688.363
italy,solar,2018,20113.659
italy,solar,2019,20906.07
japan,solar,1996,60
japan,solar,1997,91
japan,solar,1998,133
japan,solar,1999,209
japan,solar,2000,330
japan,solar,2001,453
japan,solar,2002,637
japan,solar,2003,860
japan,solar,2004,1132
japan,solar,2005,1421
japan,solar,2006,1700
japan,solar,2007,1909
japan,solar,2008,2131
japan,solar,2009,2611
japan,solar,2010,3599
japan,solar,2011,4890
japan,solar,2012,6430
japan,solar,2013,12107
japan,solar,2014,19334
japan,solar,2015,28615
japan,solar,2016,38438
japan,solar,2017,44226
japan,solar,2018,55500
japan,solar,2019,61840
jordan,solar,1996,0
jordan,solar,1997,0
jordan,solar,1998,0
jordan,solar,1999,0
jordan,solar,2000,0
jordan,solar,2001,0
jordan,solar,2002,0
jordan,solar,2003,0
jordan,solar,2004,0
jordan,solar,2005,0
jordan,solar,2006,0
jordan,solar,2007,0
jordan,solar,2008,0
jordan,solar,2009,0
jordan,solar,2010,0
jordan,solar,2011,0
jordan,solar,2012,0.1
jordan,solar,2013,0.1
jordan,solar,2014,0.221
jordan,solar,2015,28.942
jordan,solar,2016,297.553
jordan,solar,2017,471.453
jordan,solar,2018,828.553
jordan,solar,2019,998.156
malaysia,solar,1996,0
malaysia,solar,1997,0
malaysia,solar,1998,0
malaysia,solar,1999,0
malaysia,solar,2000,0
malaysia,solar,2001,0
malaysia,solar,2002,0
malaysia,solar,2003,0
malaysia,solar,2004,0
malaysia,solar,2005,0
malaysia,solar,2006,0
malaysia,solar,2007,0.45
malaysia,solar,2008,0.54
malaysia,solar,2009,0.54
malaysia,solar,2010,0.544
malaysia,solar,2011,0.544
malaysia,solar,2012,25.104
malaysia,solar,2013,97.124
malaysia,solar,2014,165.778
malaysia,solar,2015,229.095
malaysia,solar,2016,278.798
malaysia,solar,2017,370.068
malaysia,solar,2018,536.015
malaysia,solar,2019,882.015
mexico,solar,1996,10
mexico,solar,1997,11
mexico,solar,1998,12
mexico,solar,1999,13
mexico,solar,2000,14
mexico,solar,2001,15
mexico,solar,2002,16
mexico,solar,2003,16
mexico,solar,2004,16
mexico,solar,2005,16
mexico,solar,2006,16
mexico,solar,2007,19
mexico,solar,2008,19
mexico,solar,2009,25
mexico,solar,2010,29
mexico,solar,2011,39
mexico,solar,2012,60
mexico,solar,2013,82
mexico,solar,2014,116
mexico,solar,2015,173
mexico,solar,2016,388.6
mexico,solar,2017,673.74
mexico,solar,2018,2555
mexico,solar,2019,4440.208
morocco,solar,1996,0
morocco,solar,1997,0
morocco,solar,1998,0
morocco,solar,1999,0
morocco,solar,2000,6.7
morocco,solar,2001,7
morocco,solar,2002,7.7
morocco,solar,2003,8.4
morocco,solar,2004,9.1
morocco,solar,2005,10
morocco,solar,2006,10.8
morocco,solar,2007,11.945
morocco,solar,2008,12.845
morocco,solar,2009,13.445
morocco,solar,2010,33.545
morocco,solar,2011,34.174
morocco,solar,2012,35.174
morocco,solar,2013,35.174
morocco,solar,2014,39.6
morocco,solar,2015,199.8
morocco,solar,2016,201.87
morocco,solar,2017,205.456
morocco,solar,2018,735.457
morocco,solar,2019,735.645
netherlands,solar,1996,0.7
netherlands,solar,1997,1
netherlands,solar,1998,1
netherlands,solar,1999,5
netherlands,solar,2000,13
netherlands,solar,2001,21
netherlands,solar,2002,26
netherlands,solar,2003,46
netherlands,solar,2004,50
netherlands,solar,2005,51
netherlands,solar,2006,53
netherlands,solar,2007,54
netherlands,solar,2008,59
netherlands,solar,2009,69
netherlands,solar,2010,90
netherlands,solar,2011,149
netherlands,solar,2012,369
netherlands,solar,2013,746
netherlands,solar,2014,1048
netherlands,solar,2015,1515
netherlands,solar,2016,2049
netherlands,solar,2017,2903
netherlands,solar,2018,4522
netherlands,solar,2019,6725
other_africa,solar,1996,1.01242522
other_africa,solar,1997,1.03727566
other_africa,solar,1998,1.06212609
other_africa,solar,1999,2.09940175
other_africa,solar,2000,4.189
other_africa,solar,2001,5.591
other_africa,solar,2002,7.005
other_africa,solar,2003,9.081
other_africa,solar,2004,12.236
other_africa,solar,2005,15.078
other_africa,solar,2006,20.115
other_africa,solar,2007,28.471
other_africa,solar,2008,39.856
other_africa,solar,2009,49.874
other_africa,solar,2010,74.041
other_africa,solar,2011,100.325
other_africa,solar,2012,150.208
other_africa,solar,2013,209.17
other_africa,solar,2014,287.925
other_africa,solar,2015,385.543
other_africa,solar,2016,514.315
other_africa,solar,2017,745.943
other_africa,solar,2018,1054.881
other_africa,solar,2019,1324.058
other_asia_pacific,solar,1996,0
other_asia_pacific,solar,1997,0
other_asia_pacific,solar,1998,1
other_asia_pacific,solar,1999,2
other_asia_pacific,solar,2000,3.685
other_asia_pacific,solar,2001,8.98
other_asia_pacific,solar,2002,7.57
other_asia_pacific,solar,2003,10.5
other_asia_pacific,solar,2004,11.7
other_asia_pacific,solar,2005,20.8
other_asia_pacific,solar,2006,27.49
other_asia_pacific,solar,2007,45.998
other_asia_pacific,solar,2008,47.4
other_asia_pacific,solar,2009,72.757
other_asia_pacific,solar,2010,110.984
other_asia_pacific,solar,2011,612.264
other_asia_pacific,solar,2012,589.12
other_asia_pacific,solar,2013,811.257
other_asia_pacific,solar,2014,329.849
other_asia_pacific,solar,2015,486.201
other_asia_pacific,solar,2016,664.532
other_asia_pacific,solar,2017,938.958
other_asia_pacific,solar,2018,1205.185
other_asia_pacific,solar,2019,7342.609
other_cis,solar,1996,0
other_cis,solar,1997,0
other_cis,solar,1998,0
other_cis,solar,1999,0
other_cis,solar,2000,0
other_cis,solar,2001,0
other_cis,solar,2002,0
other_cis,solar,2003,0
other_cis,solar,2004,0
other_cis,solar,2005,0
other_cis,solar,2006,0
other_cis,solar,2007,0.1
other_cis,solar,2008,0.1
other_cis,solar,2009,0.1
other_cis,solar,2010,0.31
other_cis,solar,2011,1.023
other_cis,solar,2012,0.993
other_cis,solar,2013,2.459
other_cis,solar,2014,8.57
other_cis,solar,2015,63.186
other_cis,solar,2016,85.78
other_cis,solar,2017,93.05
other_cis,solar,2018,264.982
other_cis,solar,2019,632.756
other_europe,solar,1996,4.9
other_europe,solar,1997,5.2
other_europe,solar,1998,5.4
other_europe,solar,1999,6
other_europe,solar,2000,8.648
other_europe,solar,2001,10.058
other_europe,solar,2002,11.722
other_europe,solar,2003,25.593
other_europe,solar,2004,37.313
other_europe,solar,2005,37.626
other_europe,solar,2006,40.551
other_europe,solar,2007,42.406
other_europe,solar,2008,46.567
other_europe,solar,2009,57.228
other_europe,solar,2010,113.352
other_europe,solar,2011,677.981
other_europe,solar,2012,852.246
other_europe,solar,2013,1055.245
other_europe,solar,2014,1213.386
other_europe,solar,2015,1322.599
other_europe,solar,2016,1452.68
other_europe,solar,2017,1707.917
other_europe,solar,2018,1791.229
other_europe,solar,2019,2063.509
other_middle_east,solar,1996,0
other_middle_east,solar,1997,0
other_middle_east,solar,1998,0
other_middle_east,solar,1999,0
other_middle_east,solar,2000,0.4
other_middle_east,solar,2001,0.4
other_middle_east,solar,2002,0.4
other_middle_east,solar,2003,0.4
other_middle_east,solar,2004,0.4
other_middle_east,solar,2005,0.4
other_middle_east,solar,2006,0.4
other_middle_east,solar,2007,0.5
other_middle_east,solar,2008,1.4
other_middle_east,solar,2009,1.6
other_middle_east,solar,2010,4.1
other_middle_east,solar,2011,6.1
other_middle_east,solar,2012,17.8
other_middle_east,solar,2013,61.4
other_middle_east,solar,2014,94.567
other_middle_east,solar,2015,167.729
other_middle_east,solar,2016,276.961
other_middle_east,solar,2017,479.719
other_middle_east,solar,2018,813.322
other_middle_east,solar,2019,1262.887
other_s_cent_america,solar,1996,0
other_s_cent_america,solar,1997,0
other_s_cent_america,solar,1998,0
other_s_cent_america,solar,1999,1
other_s_cent_america,solar,2000,2.7
other_s_cent_america,solar,2001,5
other_s_cent_america,solar,2002,7.3
other_s_cent_america,solar,2003,9.3
other_s_cent_america,solar,2004,11.3
other_s_cent_america,solar,2005,13.6
other_s_cent_america,solar,2006,19.4
other_s_cent_america,solar,2007,26
other_s_cent_america,solar,2008,35.4
other_s_cent_america,solar,2009,58.7
other_s_cent_america,solar,2010,112.2
other_s_cent_america,solar,2011,163
other_s_cent_america,solar,2012,314.9
other_s_cent_america,solar,2013,429.3
other_s_cent_america,solar,2014,684.361
other_s_cent_america,solar,2015,963.523
other_s_cent_america,solar,2016,1190.411
other_s_cent_america,solar,2017,1668.677
other_s_cent_america,solar,2018,2419.409
other_s_cent_america,solar,2019,3107.036
pakistan,solar,1996,0
pakistan,solar,1997,0
pakistan,solar,1998,0
pakistan,solar,1999,0
pakistan,solar,2000,0
pakistan,solar,2001,0
pakistan,solar,2002,0
pakistan,solar,2003,0
pakistan,solar,2004,0
pakistan,solar,2005,0
pakistan,solar,2006,0
pakistan,solar,2007,0.14
pakistan,solar,2008,1.1
pakistan,solar,2009,3.7
pakistan,solar,2010,9.325
pakistan,solar,2011,18.632
pakistan,solar,2012,45.705
pakistan,solar,2013,100.51
pakistan,solar,2014,165.245
pakistan,solar,2015,229.994
pakistan,solar,2016,545.587
pakistan,solar,2017,1018.481
pakistan,solar,2018,1168.891
pakistan,solar,2019,1328.891
philippines,solar,1996,0
philippines,solar,1997,0
philippines,solar,1998,0
philippines,solar,1999,0
philippines,solar,2000,0
philippines,solar,2001,0
philippines,solar,2002,0
philippines,solar,2003,0
philippines,solar,2004,1
philippines,solar,2005,1
philippines,solar,2006,1
philippines,solar,2007,1
philippines,solar,2008,1
philippines,solar,2009,1
philippines,solar,2010,1
philippines,solar,2011,1
philippines,solar,2012,1
philippines,solar,2013,1
philippines,solar,2014,23.027
philippines,solar,2015,165.667
philippines,solar,2016,775.36
philippines,solar,2017,897.075
philippines,solar,2018,897.356
philippines,solar,2019,922.356
portugal,solar,1996,0
portugal,solar,1997,0
portugal,solar,1998,0
portugal,solar,1999,0
portugal,solar,2000,0
portugal,solar,2001,0
portugal,solar,2002,0
portugal,solar,2003,0
portugal,solar,2004,0
portugal,solar,2005,0
portugal,solar,2006,0
portugal,solar,2007,0
portugal,solar,2008,0
portugal,solar,2009,0
portugal,solar,2010,0
portugal,solar,2011,1.11
portugal,solar,2012,1.3
portugal,solar,2013,2.393
portugal,solar,2014,27.15
portugal,solar,2015,107.777
portugal,solar,2016,187.247
portugal,solar,2017,287.091
portugal,solar,2018,561.976
portugal,solar,2019,1299.6
romania,solar,1996,0.4
romania,solar,1997,0.5
romania,solar,1998,0.6
romania,solar,1999,0.9
romania,solar,2000,1
romania,solar,2001,1
romania,solar,2002,1
romania,solar,2003,2
romania,solar,2004,2
romania,solar,2005,2
romania,solar,2006,3
romania,solar,2007,24
romania,solar,2008,59
romania,solar,2009,115
romania,solar,2010,134
romania,solar,2011,172
romania,solar,2012,238
romania,solar,2013,296
romania,solar,2014,415
romania,solar,2015,447
romania,solar,2016,512.824
romania,solar,2017,579.236
romania,solar,2018,667.431
romania,solar,2019,827.585
russian_federation,solar,1996,0
russian_federation,solar,1997,0
russian_federation,solar,1998,0
russian_federation,solar,1999,0
russian_federation,solar,2000,0
russian_federation,solar,2001,0
russian_federation,solar,2002,0
russian_federation,solar,2003,0
russian_federation,solar,2004,0
russian_federation,solar,2005,0
russian_federation,solar,2006,0
russian_federation,solar,2007,0
russian_federation,solar,2008,0
russian_federation,solar,2009,0
russian_federation,solar,2010,0
russian_federation,solar,2011,0
russian_federation,solar,2012,0.1
russian_federation,solar,2013,1.3
russian_federation,solar,2014,5
russian_federation,solar,2015,61.32
russian_federation,solar,2016,76.32
russian_federation,solar,2017,275.12
russian_federation,solar,2018,535.32
russian_federation,solar,2019,1063.82
slovakia,solar,1996,0
slovakia,solar,1997,0
slovakia,solar,1998,0
slovakia,solar,1999,0
slovakia,solar,2000,0
slovakia,solar,2001,0
slovakia,solar,2002,0
slovakia,solar,2003,0
slovakia,solar,2004,0
slovakia,solar,2005,0
slovakia,solar,2006,0
slovakia,solar,2007,0
slovakia,solar,2008,0.1
slovakia,solar,2009,0.1
slovakia,solar,2010,0.1
slovakia,solar,2011,1
slovakia,solar,2012,41
slovakia,solar,2013,761
slovakia,solar,2014,1293
slovakia,solar,2015,1326
slovakia,solar,2016,1372
slovakia,solar,2017,1374.199
slovakia,solar,2018,1385.911
slovakia,solar,2019,1386.21
south_africa,solar,1996,0
south_africa,solar,1997,2
south_africa,solar,1998,4
south_africa,solar,1999,6
south_africa,solar,2000,0
south_africa,solar,2001,0
south_africa,solar,2002,0
south_africa,solar,2003,0
south_africa,solar,2004,0
south_africa,solar,2005,0
south_africa,solar,2006,0
south_africa,solar,2007,0
south_africa,solar,2008,0
south_africa,solar,2009,0
south_africa,solar,2010,1.959
south_africa,solar,2011,5.658
south_africa,solar,2012,11.303
south_africa,solar,2013,261.625
south_africa,solar,2014,1162.901
south_africa,solar,2015,1351.656
south_africa,solar,2016,2174.026
south_africa,solar,2017,2486.396
south_africa,solar,2018,2958.766
south_africa,solar,2019,3060.692
south_korea,solar,1996,0
south_korea,solar,1997,0
south_korea,solar,1998,0
south_korea,solar,1999,0
south_korea,solar,2000,4
south_korea,solar,2001,5
south_korea,solar,2002,5
south_korea,solar,2003,6
south_korea,solar,2004,9
south_korea,solar,2005,14
south_korea,solar,2006,36
south_korea,solar,2007,81
south_korea,solar,2008,357
south_korea,solar,2009,524
south_korea,solar,2010,650
south_korea,solar,2011,730.2
south_korea,solar,2012,1024.2
south_korea,solar,2013,1555.2
south_korea,solar,2014,2481.2
south_korea,solar,2015,3615.2
south_korea,solar,2016,4502.2
south_korea,solar,2017,5835.2
south_korea,solar,2018,7129.859
south_korea,solar,2019,10505.102
spain,solar,1996,1
spain,solar,1997,1
spain,solar,1998,1
spain,solar,1999,2
spain,solar,2000,10
spain,solar,2001,13
spain,solar,2002,17
spain,solar,2003,22
spain,solar,2004,33
spain,solar,2005,52
spain,solar,2006,141
spain,solar,2007,505
spain,solar,2008,3445
spain,solar,2009,3705
spain,solar,2010,4605
spain,solar,2011,5432
spain,solar,2012,6569
spain,solar,2013,6994
spain,solar,2014,7001.063
spain,solar,2015,7008.063
spain,solar,2016,7017.063
spain,solar,2017,7027.063
spain,solar,2018,7067.567
spain,solar,2019,11064.567
sweden,solar,1996,2
sweden,solar,1997,2
sweden,solar,1998,2
sweden,solar,1999,3
sweden,solar,2000,3
sweden,solar,2001,3
sweden,solar,2002,3
sweden,solar,2003,4
sweden,solar,2004,4
sweden,solar,2005,4
sweden,solar,2006,5
sweden,solar,2007,6
sweden,solar,2008,8
sweden,solar,2009,9
sweden,solar,2010,11
sweden,solar,2011,12
sweden,solar,2012,24
sweden,solar,2013,43
sweden,solar,2014,60
sweden,solar,2015,104
sweden,solar,2016,153
sweden,solar,2017,402
sweden,solar,2018,492
sweden,solar,2019,644.22
switzerland,solar,1996,8
switzerland,solar,1997,10
switzerland,solar,1998,12
switzerland,solar,1999,13
switzerland,solar,2000,16
switzerland,solar,2001,18
switzerland,solar,2002,20
switzerland,solar,2003,22
switzerland,solar,2004,24
switzerland,solar,2005,28
switzerland,solar,2006,30
switzerland,solar,2007,37
switzerland,solar,2008,49
switzerland,solar,2009,79
switzerland,solar,2010,125
switzerland,solar,2011,223
switzerland,solar,2012,437
switzerland,solar,2013,756
switzerland,solar,2014,1061
switzerland,solar,2015,1394
switzerland,solar,2016,1664
switzerland,solar,2017,1906
switzerland,solar,2018,2171
switzerland,solar,2019,2524
taiwan,solar,1996,0
taiwan,solar,1997,0
taiwan,solar,1998,0
taiwan,solar,1999,0
taiwan,solar,2000,0.1
taiwan,solar,2001,0.2
taiwan,solar,2002,0.3
taiwan,solar,2003,0.5
taiwan,solar,2004,0.6
taiwan,solar,2005,1
taiwan,solar,2006,1.4
taiwan,solar,2007,2.4
taiwan,solar,2008,5.6
taiwan,solar,2009,9.5
taiwan,solar,2010,22
taiwan,solar,2011,117.9
taiwan,solar,2012,222.5
taiwan,solar,2013,392
taiwan,solar,2014,620.2
taiwan,solar,2015,842.2
taiwan,solar,2016,1245
taiwan,solar,2017,1767.7
taiwan,solar,2018,2738.116
taiwan,solar,2019,4149.536
thailand,solar,1996,0
thailand,solar,1997,0
thailand,solar,1998,0
thailand,solar,1999,0
thailand,solar,2000,0
thailand,solar,2001,0
thailand,solar,2002,0
thailand,solar,2003,0
thailand,solar,2004,0
thailand,solar,2005,0
thailand,solar,2006,30.41
thailand,solar,2007,32.25
thailand,solar,2008,32.35
thailand,solar,2009,37
thailand,solar,2010,48.6
thailand,solar,2011,78.7
thailand,solar,2012,381.7
thailand,solar,2013,828.5
thailand,solar,2014,1303.5
thailand,solar,2015,1424.6
thailand,solar,2016,2451.1
thailand,solar,2017,2702.26
thailand,solar,2018,2967.44
thailand,solar,2019,2987.44
total_africa,solar,1996,1.01242522
total_africa,solar,1997,3.03727566
total_africa,solar,1998,5.06212609
total_africa,solar,1999,8.09940175
total_africa,solar,2000,10.989
total_africa,solar,2001,13.091
total_africa,solar,2002,15.305
total_africa,solar,2003,18.081
total_africa,solar,2004,21.936
total_africa,solar,2005,25.678
total_africa,solar,2006,31.515
total_africa,solar,2007,41.116
total_africa,solar,2008,53.601
total_africa,solar,2009,64.619
total_africa,solar,2010,149.545
total_africa,solar,2011,200.157
total_africa,solar,2012,256.685
total_africa,solar,2013,565.969
total_africa,solar,2014,1551.526
total_africa,solar,2015,2056.099
total_africa,solar,2016,3202.311
total_africa,solar,2017,4051.795
total_africa,solar,2018,5968.104
total_africa,solar,2019,7236.395
total_asia_pacific,solar,1996,77
total_asia_pacific,solar,1997,112.5
total_asia_pacific,solar,1998,162
total_asia_pacific,solar,1999,246
total_asia_pacific,solar,2000,396.3
total_asia_pacific,solar,2001,535.3
total_asia_pacific,solar,2002,745.9
total_asia_pacific,solar,2003,989.7
total_asia_pacific,solar,2004,1285.2
total_asia_pacific,solar,2005,1659.2
total_asia_pacific,solar,2006,2029.5
total_asia_pacific,solar,2007,2353.838
total_asia_pacific,solar,2008,2939.09
total_asia_pacific,solar,2009,4033.997
total_asia_pacific,solar,2010,6593.653
total_asia_pacific,solar,2011,12095.44
total_asia_pacific,solar,2012,19802.929
total_asia_pacific,solar,2013,39145.391
total_asia_pacific,solar,2014,61781.107
total_asia_pacific,solar,2015,90696.241
total_asia_pacific,solar,2016,143277.398
total_asia_pacific,solar,2017,214083.788
total_asia_pacific,solar,2018,286040.05
total_asia_pacific,solar,2019,346440.998
total_cis,solar,1996,0
total_cis,solar,1997,0
total_cis,solar,1998,0
total_cis,solar,1999,0
total_cis,solar,2000,0
total_cis,solar,2001,0
total_cis,solar,2002,0
total_cis,solar,2003,0
total_cis,solar,2004,0
total_cis,solar,2005,0
total_cis,solar,2006,0
total_cis,solar,2007,0.1
total_cis,solar,2008,0.1
total_cis,solar,2009,0.1
total_cis,solar,2010,0.31
total_cis,solar,2011,1.023
total_cis,solar,2012,1.093
total_cis,solar,2013,3.759
total_cis,solar,2014,13.57
total_cis,solar,2015,124.506
total_cis,solar,2016,162.1
total_cis,solar,2017,368.17
total_cis,solar,2018,800.302
total_cis,solar,2019,1696.576
total_europe,solar,1996,66.9
total_europe,solar,1997,87.3
total_europe,solar,1998,105.4
total_europe,solar,1999,131.5
total_europe,solar,2000,199.848
total_europe,solar,2001,300.458
total_europe,solar,2002,386.522
total_europe,solar,2003,625.893
total_europe,solar,2004,1338.213
total_europe,solar,2005,2318.626
total_europe,solar,2006,3281.451
total_europe,solar,2007,5055.606
total_europe,solar,2008,10524.467
total_europe,solar,2009,17127.928
total_europe,solar,2010,30888.052
total_europe,solar,2011,54772.491
total_europe,solar,2012,73862.346
total_europe,solar,2013,84333.538
total_europe,solar,2014,91227.032
total_europe,solar,2015,99916.251
total_europe,solar,2016,107006.014
total_europe,solar,2017,116027.92
total_europe,solar,2018,126663.192
total_europe,solar,2019,146666.221
total_middle_east,solar,1996,0
total_middle_east,solar,1997,0.3
total_middle_east,solar,1998,0.3
total_middle_east,solar,1999,0.4
total_middle_east,solar,2000,0.4
total_middle_east,solar,2001,0.4
total_middle_east,solar,2002,0.4
total_middle_east,solar,2003,0.4
total_middle_east,solar,2004,0.4
total_middle_east,solar,2005,1.4
total_middle_east,solar,2006,1.7
total_middle_east,solar,2007,2.3
total_middle_east,solar,2008,10.4
total_middle_east,solar,2009,42.2
total_middle_east,solar,2010,90.9
total_middle_east,solar,2011,214.5
total_middle_east,solar,2012,275.1
total_middle_east,solar,2013,617.6
total_middle_east,solar,2014,905.217
total_middle_east,solar,2015,1103.18
total_middle_east,solar,2016,1588.573
total_middle_east,solar,2017,2281.031
total_middle_east,solar,2018,3311.634
total_middle_east,solar,2019,5582.502
total_north_america,solar,1996,26.9
total_north_america,solar,1997,28.6
total_north_america,solar,1998,32.2
total_north_america,solar,1999,35.6
total_north_america,solar,2000,39.5
total_north_america,solar,2001,45.9
total_north_america,solar,2002,54
total_north_america,solar,2003,101
total_north_america,solar,2004,141
total_north_america,solar,2005,223
total_north_america,solar,2006,332
total_north_america,solar,2007,500
total_north_america,solar,2008,805
total_north_america,solar,2009,1308
total_north_america,solar,2010,2290
total_north_america,solar,2011,3918
total_north_america,solar,2012,8154
total_north_america,solar,2013,14337
total_north_america,solar,2014,19610
total_north_america,solar,2015,26132
total_north_america,solar,2016,37765.6
total_north_america,solar,2017,46701.74
total_north_america,solar,2018,58838.5
total_north_america,solar,2019,70048.108
total_s_cent_america,solar,1996,0
total_s_cent_america,solar,1997,0
total_s_cent_america,solar,1998,0
total_s_cent_america,solar,1999,2
total_s_cent_america,solar,2000,4.3
total_s_cent_america,solar,2001,6.8
total_s_cent_america,solar,2002,9.3
total_s_cent_america,solar,2003,11.4
total_s_cent_america,solar,2004,13.7
total_s_cent_america,solar,2005,16.3
total_s_cent_america,solar,2006,22.3
total_s_cent_america,solar,2007,29.2
total_s_cent_america,solar,2008,38.6
total_s_cent_america,solar,2009,62.2
total_s_cent_america,solar,2010,116.9
total_s_cent_america,solar,2011,168.5
total_s_cent_america,solar,2012,324.1
total_s_cent_america,solar,2013,454.5
total_s_cent_america,solar,2014,926.238
total_s_cent_america,solar,2015,1959.525
total_s_cent_america,solar,2016,2813.658
total_s_cent_america,solar,2017,5035.675
total_s_cent_america,solar,2018,7119.174
total_s_cent_america,solar,2019,8750.49
total_world,solar,1996,171.81242522
total_world,solar,1997,231.73727566
total_world,solar,1998,304.96212609
total_world,solar,1999,423.59940175
total_world,solar,2000,651.337
total_world,solar,2001,901.949
total_world,solar,2002,1211.427
total_world,solar,2003,1746.474
total_world,solar,2004,2800.449
total_world,solar,2005,4244.204
total_world,solar,2006,5698.466
total_world,solar,2007,7982.16
total_world,solar,2008,14371.258
total_world,solar,2009,22639.044
total_world,solar,2010,40129.36
total_world,solar,2011,71370.111
total_world,solar,2012,102676.253
total_world,solar,2013,139457.757
total_world,solar,2014,176014.69
total_world,solar,2015,221987.802
total_world,solar,2016,295815.654
total_world,solar,2017,388550.119
total_world,solar,2018,488740.956
total_world,solar,2019,586421.29
turkey,solar,1996,0
turkey,solar,1997,0
turkey,solar,1998,0
turkey,solar,1999,0
turkey,solar,2000,0.1
turkey,solar,2001,0.3
turkey,solar,2002,0.6
turkey,solar,2003,1
turkey,solar,2004,1.5
turkey,solar,2005,2
turkey,solar,2006,2.5
turkey,solar,2007,3
turkey,solar,2008,3.7
turkey,solar,2009,4.7
turkey,solar,2010,5.7
turkey,solar,2011,6.7
turkey,solar,2012,11.7
turkey,solar,2013,18.7
turkey,solar,2014,41
turkey,solar,2015,250
turkey,solar,2016,834
turkey,solar,2017,3421.7
turkey,solar,2018,5063.9
turkey,solar,2019,5996.2
ukraine,solar,1996,0
ukraine,solar,1997,0
ukraine,solar,1998,0
ukraine,solar,1999,0
ukraine,solar,2000,0
ukraine,solar,2001,0
ukraine,solar,2002,0
ukraine,solar,2003,0
ukraine,solar,2004,0
ukraine,solar,2005,0
ukraine,solar,2006,0
ukraine,solar,2007,0
ukraine,solar,2008,0
ukraine,solar,2009,0
ukraine,solar,2010,2.5
ukraine,solar,2011,188.2
ukraine,solar,2012,371.6
ukraine,solar,2013,748.4
ukraine,solar,2014,819.1
ukraine,solar,2015,841.2
ukraine,solar,2016,954.7
ukraine,solar,2017,1200
ukraine,solar,2018,2002.688
ukraine,solar,2019,5935.688
united_arab_emirates,solar,1996,0
united_arab_emirates,solar,1997,0
united_arab_emirates,solar,1998,0
united_arab_emirates,solar,1999,0
united_arab_emirates,solar,2000,0
united_arab_emirates,solar,2001,0
united_arab_emirates,solar,2002,0
united_arab_emirates,solar,2003,0
united_arab_emirates,solar,2004,0
united_arab_emirates,solar,2005,0
united_arab_emirates,solar,2006,0
united_arab_emirates,solar,2007,0
united_arab_emirates,solar,2008,0
united_arab_emirates,solar,2009,10
united_arab_emirates,solar,2010,10.8
united_arab_emirates,solar,2011,12.6
united_arab_emirates,solar,2012,14.4
united_arab_emirates,solar,2013,130
united_arab_emirates,solar,2014,134.329
united_arab_emirates,solar,2015,134.659
united_arab_emirates,solar,2016,141.959
united_arab_emirates,solar,2017,354.759
united_arab_emirates,solar,2018,593.659
united_arab_emirates,solar,2019,1883.359
united_kingdom,solar,1996,0.2
united_kingdom,solar,1997,0.4
united_kingdom,solar,1998,0.5
united_kingdom,solar,1999,0.9
united_kingdom,solar,2000,2
united_kingdom,solar,2001,3
united_kingdom,solar,2002,4
united_kingdom,solar,2003,6
united_kingdom,solar,2004,8
united_kingdom,solar,2005,11
united_kingdom,solar,2006,14
united_kingdom,solar,2007,18
united_kingdom,solar,2008,23
united_kingdom,solar,2009,27
united_kingdom,solar,2010,95
united_kingdom,solar,2011,1000
united_kingdom,solar,2012,1753
united_kingdom,solar,2013,2937
united_kingdom,solar,2014,5528
united_kingdom,solar,2015,9601.219
united_kingdom,solar,2016,11930.48
united_kingdom,solar,2017,12781.793
united_kingdom,solar,2018,13118.344
united_kingdom,solar,2019,13398.3
us,solar,1996,13.9
us,solar,1997,14.6
us,solar,1998,15.2
us,solar,1999,16.6
us,solar,2000,18.5
us,solar,2001,21.9
us,solar,2002,28
us,solar,2003,73
us,solar,2004,111
us,solar,2005,190
us,solar,2006,295
us,solar,2007,455
us,solar,2008,753
us,solar,2009,1188
us,solar,2010,2040
us,solar,2011,3382
us,solar,2012,7328
us,solar,2013,13045
us,solar,2014,17651
us,solar,2015,23442
us,solar,2016,34716
us,solar,2017,43115
us,solar,2018,53183.5
us,solar,2019,62297.9
argentina,wind,1997,9
argentina,wind,1998,14
argentina,wind,1999,14
argentina,wind,2000,14.1
argentina,wind,2001,24.8
argentina,wind,2002,25.8
argentina,wind,2003,25.7
argentina,wind,2004,27.8
argentina,wind,2005,27.8
argentina,wind,2006,27.8
argentina,wind,2007,27.8
argentina,wind,2008,27.8
argentina,wind,2009,27.8
argentina,wind,2010,27.8
argentina,wind,2011,59.6
argentina,wind,2012,137
argentina,wind,2013,190
argentina,wind,2014,215.2
argentina,wind,2015,215.214
argentina,wind,2016,215.292
argentina,wind,2017,257.202
argentina,wind,2018,750.092
argentina,wind,2019,1609.409
australia,wind,1997,4
australia,wind,1998,10
australia,wind,1999,10
australia,wind,2000,33
australia,wind,2001,76
australia,wind,2002,106
australia,wind,2003,190
australia,wind,2004,379
australia,wind,2005,740
australia,wind,2006,819
australia,wind,2007,1249
australia,wind,2008,1441
australia,wind,2009,1703
australia,wind,2010,1864
australia,wind,2011,2127
australia,wind,2012,2561
australia,wind,2013,3221
australia,wind,2014,3797
australia,wind,2015,4234
australia,wind,2016,4327
australia,wind,2017,4816
australia,wind,2018,5818
australia,wind,2019,7272
austria,wind,1997,20
austria,wind,1998,30
austria,wind,1999,42
austria,wind,2000,50
austria,wind,2001,67
austria,wind,2002,109
austria,wind,2003,322
austria,wind,2004,581
austria,wind,2005,825.219
austria,wind,2006,968.269
austria,wind,2007,991.159
austria,wind,2008,991.974
austria,wind,2009,1000.985
austria,wind,2010,1015.828
austria,wind,2011,1105.966
austria,wind,2012,1337.15
austria,wind,2013,1674.538
austria,wind,2014,2110.275
austria,wind,2015,2488.726
austria,wind,2016,2729.996
austria,wind,2017,2886.698
austria,wind,2018,3132.713
austria,wind,2019,3159
belgium,wind,1997,9
belgium,wind,1998,10
belgium,wind,1999,11
belgium,wind,2000,14
belgium,wind,2001,26
belgium,wind,2002,31
belgium,wind,2003,67
belgium,wind,2004,96
belgium,wind,2005,167
belgium,wind,2006,212
belgium,wind,2007,276
belgium,wind,2008,324
belgium,wind,2009,608
belgium,wind,2010,912
belgium,wind,2011,1069
belgium,wind,2012,1370
belgium,wind,2013,1780
belgium,wind,2014,1944
belgium,wind,2015,2176
belgium,wind,2016,2370
belgium,wind,2017,2796.5
belgium,wind,2018,3260.7
belgium,wind,2019,3779.7
brazil,wind,1997,4
brazil,wind,1998,19
brazil,wind,1999,22
brazil,wind,2000,22
brazil,wind,2001,24
brazil,wind,2002,22
brazil,wind,2003,24
brazil,wind,2004,24
brazil,wind,2005,29
brazil,wind,2006,237
brazil,wind,2007,247
brazil,wind,2008,398
brazil,wind,2009,602
brazil,wind,2010,927
brazil,wind,2011,1426
brazil,wind,2012,1894
brazil,wind,2013,2202
brazil,wind,2014,4888
brazil,wind,2015,7633
brazil,wind,2016,10124
brazil,wind,2017,12294
brazil,wind,2018,14832.793
brazil,wind,2019,15363.988
bulgaria,wind,1997,0
bulgaria,wind,1998,0
bulgaria,wind,1999,0
bulgaria,wind,2000,0
bulgaria,wind,2001,0
bulgaria,wind,2002,0
bulgaria,wind,2003,0
bulgaria,wind,2004,1
bulgaria,wind,2005,8
bulgaria,wind,2006,27
bulgaria,wind,2007,30
bulgaria,wind,2008,114
bulgaria,wind,2009,333
bulgaria,wind,2010,488
bulgaria,wind,2011,541
bulgaria,wind,2012,677
bulgaria,wind,2013,683
bulgaria,wind,2014,699
bulgaria,wind,2015,699
bulgaria,wind,2016,699
bulgaria,wind,2017,698.39
bulgaria,wind,2018,698.92
bulgaria,wind,2019,698.92
canada,wind,1997,26
canada,wind,1998,83
canada,wind,1999,126
canada,wind,2000,139
canada,wind,2001,214
canada,wind,2002,270
canada,wind,2003,351
canada,wind,2004,444
canada,wind,2005,677
canada,wind,2006,1423
canada,wind,2007,1840
canada,wind,2008,2336
canada,wind,2009,3282
canada,wind,2010,3967
canada,wind,2011,5265
canada,wind,2012,6201
canada,wind,2013,7801
canada,wind,2014,9694
canada,wind,2015,11214
canada,wind,2016,11973
canada,wind,2017,12403
canada,wind,2018,12816
canada,wind,2019,13413
chile,wind,1997,0
chile,wind,1998,0
chile,wind,1999,0
chile,wind,2000,0
chile,wind,2001,2
chile,wind,2002,2
chile,wind,2003,2
chile,wind,2004,2
chile,wind,2005,2
chile,wind,2006,2
chile,wind,2007,20
chile,wind,2008,20
chile,wind,2009,163
chile,wind,2010,163
chile,wind,2011,184
chile,wind,2012,202
chile,wind,2013,301
chile,wind,2014,736
chile,wind,2015,910
chile,wind,2016,1039
chile,wind,2017,1305
chile,wind,2018,1524
chile,wind,2019,1620.074
china,wind,1997,146
china,wind,1998,200
china,wind,1999,262
china,wind,2000,341
china,wind,2001,383
china,wind,2002,449
china,wind,2003,547
china,wind,2004,763
china,wind,2005,1060
china,wind,2006,2070
china,wind,2007,4200
china,wind,2008,8387.728
china,wind,2009,17599.408
china,wind,2010,29633.478
china,wind,2011,46354.6
china,wind,2012,61596.873
china,wind,2013,76730.53
china,wind,2014,96819.13
china,wind,2015,131047.73
china,wind,2016,148516.89
china,wind,2017,164374.477
china,wind,2018,184664.877
china,wind,2019,210478.38
costa_rica,wind,1997,23
costa_rica,wind,1998,27
costa_rica,wind,1999,35
costa_rica,wind,2000,42.5
costa_rica,wind,2001,62.3
costa_rica,wind,2002,62.3
costa_rica,wind,2003,68.6
costa_rica,wind,2004,68.6
costa_rica,wind,2005,68.6
costa_rica,wind,2006,68.6
costa_rica,wind,2007,69.9
costa_rica,wind,2008,69.9
costa_rica,wind,2009,119.6
costa_rica,wind,2010,119.6
costa_rica,wind,2011,132.8
costa_rica,wind,2012,148.1
costa_rica,wind,2013,148.1
costa_rica,wind,2014,196.5
costa_rica,wind,2015,278.14
costa_rica,wind,2016,319.14
costa_rica,wind,2017,378
costa_rica,wind,2018,407.77
costa_rica,wind,2019,410.92
denmark,wind,1997,1116
denmark,wind,1998,1420
denmark,wind,1999,1738
denmark,wind,2000,2390
denmark,wind,2001,2497.2
denmark,wind,2002,2894.5
denmark,wind,2003,3119.9
denmark,wind,2004,3123.7
denmark,wind,2005,3127.8
denmark,wind,2006,3135.7
denmark,wind,2007,3124.2
denmark,wind,2008,3162.9
denmark,wind,2009,3482.1
denmark,wind,2010,3801.8
denmark,wind,2011,3952
denmark,wind,2012,4161.9
denmark,wind,2013,4819.1
denmark,wind,2014,4886.6
denmark,wind,2015,5076.976
denmark,wind,2016,5245.563
denmark,wind,2017,5489.64
denmark,wind,2018,6120.624
denmark,wind,2019,6116.624
egypt,wind,1997,6
egypt,wind,1998,6
egypt,wind,1999,36
egypt,wind,2000,69
egypt,wind,2001,69
egypt,wind,2002,69
egypt,wind,2003,69
egypt,wind,2004,145
egypt,wind,2005,145
egypt,wind,2006,230
egypt,wind,2007,310
egypt,wind,2008,390
egypt,wind,2009,435
egypt,wind,2010,550
egypt,wind,2011,550
egypt,wind,2012,550
egypt,wind,2013,550
egypt,wind,2014,550
egypt,wind,2015,750
egypt,wind,2016,750
egypt,wind,2017,750
egypt,wind,2018,1125
egypt,wind,2019,1375
finland,wind,1997,12
finland,wind,1998,18
finland,wind,1999,39
finland,wind,2000,38
finland,wind,2001,39
finland,wind,2002,43
finland,wind,2003,52
finland,wind,2004,82
finland,wind,2005,82
finland,wind,2006,86
finland,wind,2007,110
finland,wind,2008,143
finland,wind,2009,147
finland,wind,2010,197
finland,wind,2011,199
finland,wind,2012,257
finland,wind,2013,447
finland,wind,2014,627
finland,wind,2015,1005
finland,wind,2016,1565
finland,wind,2017,2044
finland,wind,2018,2041
finland,wind,2019,2281.55
france,wind,1997,13
france,wind,1998,21
france,wind,1999,25
france,wind,2000,38
france,wind,2001,66
france,wind,2002,138
france,wind,2003,218
france,wind,2004,358
france,wind,2005,690
france,wind,2006,1412
france,wind,2007,2223
france,wind,2008,3403
france,wind,2009,4582
france,wind,2010,5912
france,wind,2011,6758.016
france,wind,2012,7607.496
france,wind,2013,8155.961
france,wind,2014,9201.425
france,wind,2015,10298.18
france,wind,2016,11566.564
france,wind,2017,13499.357
france,wind,2018,14900.146
france,wind,2019,16260.146
germany,wind,1997,2089
germany,wind,1998,2877
germany,wind,1999,4435
germany,wind,2000,6095
germany,wind,2001,8754
germany,wind,2002,12001
germany,wind,2003,14381
germany,wind,2004,16419
germany,wind,2005,18248
germany,wind,2006,20474
germany,wind,2007,22116
germany,wind,2008,22794
germany,wind,2009,25732
germany,wind,2010,26903
germany,wind,2011,28712
germany,wind,2012,30979
germany,wind,2013,33477
germany,wind,2014,38614
germany,wind,2015,44580
germany,wind,2016,49435
germany,wind,2017,55580
germany,wind,2018,58843
germany,wind,2019,60822
greece,wind,1997,29
greece,wind,1998,38.1
greece,wind,1999,105.8
greece,wind,2000,226
greece,wind,2001,270
greece,wind,2002,287
greece,wind,2003,371
greece,wind,2004,470
greece,wind,2005,491
greece,wind,2006,749
greece,wind,2007,846
greece,wind,2008,1022
greece,wind,2009,1171
greece,wind,2010,1298
greece,wind,2011,1640
greece,wind,2012,1753
greece,wind,2013,1809
greece,wind,2014,1978
greece,wind,2015,2091
greece,wind,2016,2370
greece,wind,2017,2624
greece,wind,2018,2877.495
greece,wind,2019,3547.495
india,wind,1997,940
india,wind,1998,992
india,wind,1999,1035
india,wind,2000,1267
india,wind,2001,1456
india,wind,2002,1702
india,wind,2003,2125
india,wind,2004,3000
india,wind,2005,4433.9
india,wind,2006,6315
india,wind,2007,7844.5
india,wind,2008,10242.5
india,wind,2009,10925
india,wind,2010,13184
india,wind,2011,16179
india,wind,2012,17299.7
india,wind,2013,18420.4
india,wind,2014,22465.3
india,wind,2015,25088.19
india,wind,2016,28700.44
india,wind,2017,32848.46
india,wind,2018,35288.1
india,wind,2019,37505.18
iran,wind,1997,9
iran,wind,1998,9
iran,wind,1999,9
iran,wind,2000,11
iran,wind,2001,11
iran,wind,2002,12
iran,wind,2003,16
iran,wind,2004,24.9
iran,wind,2005,37
iran,wind,2006,47
iran,wind,2007,63
iran,wind,2008,63
iran,wind,2009,92
iran,wind,2010,95
iran,wind,2011,98.2
iran,wind,2012,106.1
iran,wind,2013,107.6
iran,wind,2014,148.8
iran,wind,2015,153.44
iran,wind,2016,190.94
iran,wind,2017,259
iran,wind,2018,282
iran,wind,2019,302.2
ireland,wind,1997,53
ireland,wind,1998,64
ireland,wind,1999,74
ireland,wind,2000,116.5
ireland,wind,2001,122.9
ireland,wind,2002,134.8
ireland,wind,2003,210.3
ireland,wind,2004,336.4
ireland,wind,2005,493.3
ireland,wind,2006,676.5
ireland,wind,2007,740.5
ireland,wind,2008,942.3
ireland,wind,2009,1251.3
ireland,wind,2010,1390.4
ireland,wind,2011,1584.6
ireland,wind,2012,1704.4
ireland,wind,2013,2008.2
ireland,wind,2014,2283.3
ireland,wind,2015,2451.151
ireland,wind,2016,2785.951
ireland,wind,2017,3317.951
ireland,wind,2018,3676.134
ireland,wind,2019,4172.1
italy,wind,1997,103
italy,wind,1998,197
italy,wind,1999,277
italy,wind,2000,363
italy,wind,2001,664
italy,wind,2002,780
italy,wind,2003,874
italy,wind,2004,1127
italy,wind,2005,1635
italy,wind,2006,1902
italy,wind,2007,2702
italy,wind,2008,3525
italy,wind,2009,4879
italy,wind,2010,5794
italy,wind,2011,6918
italy,wind,2012,8102
italy,wind,2013,8542
italy,wind,2014,8683
italy,wind,2015,9137
italy,wind,2016,9384
italy,wind,2017,9736.578
italy,wind,2018,10230.246
italy,wind,2019,10758
japan,wind,1997,17
japan,wind,1998,30
japan,wind,1999,68
japan,wind,2000,84
japan,wind,2001,175
japan,wind,2002,277
japan,wind,2003,508
japan,wind,2004,769
japan,wind,2005,1227
japan,wind,2006,1805
japan,wind,2007,1527
japan,wind,2008,1756
japan,wind,2009,1997
japan,wind,2010,2294
japan,wind,2011,2419
japan,wind,2012,2562
japan,wind,2013,2646
japan,wind,2014,2753
japan,wind,2015,2808
japan,wind,2016,3247
japan,wind,2017,3483
japan,wind,2018,3667
japan,wind,2019,3786
jordan,wind,2000,1.4
jordan,wind,2001,1.4
jordan,wind,2002,1.4
jordan,wind,2003,1.4
jordan,wind,2004,1.4
jordan,wind,2005,1.4
jordan,wind,2006,1.4
jordan,wind,2007,1.4
jordan,wind,2008,1.4
jordan,wind,2009,1.4
jordan,wind,2010,1.4
jordan,wind,2011,1.4
jordan,wind,2012,1.4
jordan,wind,2013,1.4
jordan,wind,2014,1.4
jordan,wind,2015,118.4
jordan,wind,2016,184.4
jordan,wind,2017,198.4
jordan,wind,2018,284.5
jordan,wind,2019,373.5
mexico,wind,1997,2
mexico,wind,1998,2
mexico,wind,1999,2
mexico,wind,2000,17
mexico,wind,2001,17
mexico,wind,2002,18
mexico,wind,2003,18
mexico,wind,2004,18
mexico,wind,2005,18
mexico,wind,2006,101
mexico,wind,2007,101
mexico,wind,2008,101
mexico,wind,2009,425
mexico,wind,2010,519
mexico,wind,2011,601
mexico,wind,2012,1815
mexico,wind,2013,2122
mexico,wind,2014,2569
mexico,wind,2015,3271
mexico,wind,2016,4051
mexico,wind,2017,4198.98
mexico,wind,2018,4875.375
mexico,wind,2019,6590.875
morocco,wind,1997,0
morocco,wind,1998,2
morocco,wind,1999,20
morocco,wind,2000,54
morocco,wind,2001,54
morocco,wind,2002,54
morocco,wind,2003,54
morocco,wind,2004,54
morocco,wind,2005,54
morocco,wind,2006,54
morocco,wind,2007,114
morocco,wind,2008,114
morocco,wind,2009,221
morocco,wind,2010,221
morocco,wind,2011,255
morocco,wind,2012,255
morocco,wind,2013,495
morocco,wind,2014,797
morocco,wind,2015,797
morocco,wind,2016,897
morocco,wind,2017,1017
morocco,wind,2018,1220
morocco,wind,2019,1220
netherlands,wind,1997,329
netherlands,wind,1998,379
netherlands,wind,1999,433
netherlands,wind,2000,447
netherlands,wind,2001,486
netherlands,wind,2002,672
netherlands,wind,2003,905
netherlands,wind,2004,1075
netherlands,wind,2005,1224
netherlands,wind,2006,1561
netherlands,wind,2007,1749
netherlands,wind,2008,2149
netherlands,wind,2009,2222
netherlands,wind,2010,2237
netherlands,wind,2011,2316
netherlands,wind,2012,2433
netherlands,wind,2013,2713
netherlands,wind,2014,2865
netherlands,wind,2015,3391
netherlands,wind,2016,4257
netherlands,wind,2017,4202
netherlands,wind,2018,4393
netherlands,wind,2019,4462.5
new_zealand,wind,1997,4.075
new_zealand,wind,1998,4.075
new_zealand,wind,1999,35.755
new_zealand,wind,2000,36
new_zealand,wind,2001,36
new_zealand,wind,2002,54
new_zealand,wind,2003,72
new_zealand,wind,2004,166
new_zealand,wind,2005,168
new_zealand,wind,2006,169
new_zealand,wind,2007,320
new_zealand,wind,2008,322
new_zealand,wind,2009,497
new_zealand,wind,2010,524
new_zealand,wind,2011,524
new_zealand,wind,2012,623
new_zealand,wind,2013,623
new_zealand,wind,2014,682
new_zealand,wind,2015,689
new_zealand,wind,2016,689
new_zealand,wind,2017,689
new_zealand,wind,2018,689
new_zealand,wind,2019,689
norway,wind,1997,5
norway,wind,1998,8
norway,wind,1999,13
norway,wind,2000,13
norway,wind,2001,13
norway,wind,2002,97
norway,wind,2003,97
norway,wind,2004,152
norway,wind,2005,265
norway,wind,2006,284
norway,wind,2007,348
norway,wind,2008,395
norway,wind,2009,423
norway,wind,2010,425
norway,wind,2011,512
norway,wind,2012,705
norway,wind,2013,818
norway,wind,2014,863
norway,wind,2015,867
norway,wind,2016,883
norway,wind,2017,1207
norway,wind,2018,1710.3
norway,wind,2019,2444.3
other_africa,wind,1997,0
other_africa,wind,1998,0
other_africa,wind,1999,0
other_africa,wind,2000,0.4
other_africa,wind,2001,0.4
other_africa,wind,2002,3.46
other_africa,wind,2003,5.04
other_africa,wind,2004,4.96
other_africa,wind,2005,5.18
other_africa,wind,2006,4.88
other_africa,wind,2007,5.72
other_africa,wind,2008,5.72
other_africa,wind,2009,6.65
other_africa,wind,2010,12.317
other_africa,wind,2011,108.522
other_africa,wind,2012,121.814
other_africa,wind,2013,222.204
other_africa,wind,2014,233.768
other_africa,wind,2015,437.649
other_africa,wind,2016,448.125
other_africa,wind,2017,453.974
other_africa,wind,2018,764.264
other_africa,wind,2019,814.264
other_asia_pacific,wind,1997,4
other_asia_pacific,wind,1998,4
other_asia_pacific,wind,1999,6
other_asia_pacific,wind,2000,7
other_asia_pacific,wind,2001,7.6
other_asia_pacific,wind,2002,9.8
other_asia_pacific,wind,2003,14.4
other_asia_pacific,wind,2004,25.8
other_asia_pacific,wind,2005,25.8
other_asia_pacific,wind,2006,32.2
other_asia_pacific,wind,2007,47.3
other_asia_pacific,wind,2008,54.126
other_asia_pacific,wind,2009,66.646
other_asia_pacific,wind,2010,117.176
other_asia_pacific,wind,2011,128.041
other_asia_pacific,wind,2012,161.274
other_asia_pacific,wind,2013,237.414
other_asia_pacific,wind,2014,279.004
other_asia_pacific,wind,2015,373.816
other_asia_pacific,wind,2016,398.291
other_asia_pacific,wind,2017,493.719
other_asia_pacific,wind,2018,656.645
other_asia_pacific,wind,2019,795.84
other_cis,wind,2000,0
other_cis,wind,2001,0
other_cis,wind,2002,0
other_cis,wind,2003,0
other_cis,wind,2004,0
other_cis,wind,2005,2.6
other_cis,wind,2006,2.6
other_cis,wind,2007,2.6
other_cis,wind,2008,2.6
other_cis,wind,2009,4.6
other_cis,wind,2010,4.64
other_cis,wind,2011,2.64
other_cis,wind,2012,4.14
other_cis,wind,2013,9.34
other_cis,wind,2014,58.15
other_cis,wind,2015,82.355
other_cis,wind,2016,137.485
other_cis,wind,2017,152.475
other_cis,wind,2018,211.825
other_cis,wind,2019,374.175
other_europe,wind,1997,20
other_europe,wind,1998,22
other_europe,wind,1999,25
other_europe,wind,2000,21.385
other_europe,wind,2001,22.603
other_europe,wind,2002,50.581
other_europe,wind,2003,72.336
other_europe,wind,2004,107.872
other_europe,wind,2005,156.396
other_europe,wind,2006,234.856
other_europe,wind,2007,368.997
other_europe,wind,2008,524.378
other_europe,wind,2009,763.41
other_europe,wind,2010,1030.161
other_europe,wind,2011,1323.266
other_europe,wind,2012,1624.712
other_europe,wind,2013,1719.338
other_europe,wind,2014,1892.336
other_europe,wind,2015,2217.902
other_europe,wind,2016,2472.15
other_europe,wind,2017,2744.42
other_europe,wind,2018,2917.987
other_europe,wind,2019,3372.293
other_middle_east,wind,1997,0
other_middle_east,wind,1998,0
other_middle_east,wind,1999,0
other_middle_east,wind,2000,0
other_middle_east,wind,2001,0
other_middle_east,wind,2002,6
other_middle_east,wind,2003,6
other_middle_east,wind,2004,6.6
other_middle_east,wind,2005,6.6
other_middle_east,wind,2006,6.6
other_middle_east,wind,2007,6.6
other_middle_east,wind,2008,7.3
other_middle_east,wind,2009,7.3
other_middle_east,wind,2010,7.3
other_middle_east,wind,2011,7.3
other_middle_east,wind,2012,7.8
other_middle_east,wind,2013,10.2
other_middle_east,wind,2014,12
other_middle_east,wind,2015,14.38
other_middle_east,wind,2016,34.78
other_middle_east,wind,2017,47.53
other_middle_east,wind,2018,47.53
other_middle_east,wind,2019,47.53
other_s_cent_america,wind,1997,6
other_s_cent_america,wind,1998,6
other_s_cent_america,wind,1999,7
other_s_cent_america,wind,2000,11.8
other_s_cent_america,wind,2001,20.8
other_s_cent_america,wind,2002,24.1
other_s_cent_america,wind,2003,32.2
other_s_cent_america,wind,2004,74
other_s_cent_america,wind,2005,65.7
other_s_cent_america,wind,2006,75.6
other_s_cent_america,wind,2007,80.5
other_s_cent_america,wind,2008,82.9
other_s_cent_america,wind,2009,163.9
other_s_cent_america,wind,2010,210.9
other_s_cent_america,wind,2011,351.2
other_s_cent_america,wind,2012,637.6
other_s_cent_america,wind,2013,718.6
other_s_cent_america,wind,2014,964.4
other_s_cent_america,wind,2015,1421.8
other_s_cent_america,wind,2016,1596.83
other_s_cent_america,wind,2017,1639.83
other_s_cent_america,wind,2018,1847.644
other_s_cent_america,wind,2019,2067.494
pakistan,wind,1997,0
pakistan,wind,1998,0
pakistan,wind,1999,0
pakistan,wind,2000,0
pakistan,wind,2001,0
pakistan,wind,2002,0
pakistan,wind,2003,0
pakistan,wind,2004,0
pakistan,wind,2005,0
pakistan,wind,2006,0
pakistan,wind,2007,0
pakistan,wind,2008,6
pakistan,wind,2009,6
pakistan,wind,2010,6
pakistan,wind,2011,6
pakistan,wind,2012,56.155
pakistan,wind,2013,106.055
pakistan,wind,2014,205.555
pakistan,wind,2015,308.355
pakistan,wind,2016,590.655
pakistan,wind,2017,789.155
pakistan,wind,2018,1185.855
pakistan,wind,2019,1235.855
philippines,wind,1997,0
philippines,wind,1998,0
philippines,wind,1999,0
philippines,wind,2000,0
philippines,wind,2001,0
philippines,wind,2002,0
philippines,wind,2003,0
philippines,wind,2004,0
philippines,wind,2005,33
philippines,wind,2006,33
philippines,wind,2007,33
philippines,wind,2008,33
philippines,wind,2009,33
philippines,wind,2010,33
philippines,wind,2011,33
philippines,wind,2012,33
philippines,wind,2013,33
philippines,wind,2014,336.9
philippines,wind,2015,426.9
philippines,wind,2016,426.9
philippines,wind,2017,426.9
philippines,wind,2018,426.9
philippines,wind,2019,426.9
poland,wind,1997,2
poland,wind,1998,2
poland,wind,1999,2
poland,wind,2000,4
poland,wind,2001,19
poland,wind,2002,32
poland,wind,2003,35
poland,wind,2004,40
poland,wind,2005,121
poland,wind,2006,172
poland,wind,2007,306
poland,wind,2008,526
poland,wind,2009,709
poland,wind,2010,1108
poland,wind,2011,1800
poland,wind,2012,2564
poland,wind,2013,3429
poland,wind,2014,3836
poland,wind,2015,4886
poland,wind,2016,5747
poland,wind,2017,5759.357
poland,wind,2018,5766.078
poland,wind,2019,5917
portugal,wind,1997,39
portugal,wind,1998,51
portugal,wind,1999,61
portugal,wind,2000,83
portugal,wind,2001,125
portugal,wind,2002,190
portugal,wind,2003,268
portugal,wind,2004,553
portugal,wind,2005,1064
portugal,wind,2006,1681
portugal,wind,2007,2201
portugal,wind,2008,2857
portugal,wind,2009,3326
portugal,wind,2010,3796
portugal,wind,2011,4256.215
portugal,wind,2012,4411.552
portugal,wind,2013,4609.949
portugal,wind,2014,4856.556
portugal,wind,2015,4936.838
portugal,wind,2016,5124.103
portugal,wind,2017,5124.105
portugal,wind,2018,5172.359
portugal,wind,2019,5233.359
romania,wind,1997,0
romania,wind,1998,0
romania,wind,1999,0
romania,wind,2000,0
romania,wind,2001,0
romania,wind,2002,0
romania,wind,2003,0
romania,wind,2004,0
romania,wind,2005,1
romania,wind,2006,1
romania,wind,2007,3
romania,wind,2008,5
romania,wind,2009,15
romania,wind,2010,389
romania,wind,2011,988
romania,wind,2012,1822
romania,wind,2013,2773
romania,wind,2014,3244
romania,wind,2015,3130
romania,wind,2016,3025
romania,wind,2017,3029.798
romania,wind,2018,3032.258
romania,wind,2019,3039.883
russian_federation,wind,2000,3
russian_federation,wind,2001,3
russian_federation,wind,2002,7
russian_federation,wind,2003,9
russian_federation,wind,2004,9
russian_federation,wind,2005,10
russian_federation,wind,2006,10
russian_federation,wind,2007,10
russian_federation,wind,2008,10
russian_federation,wind,2009,10
russian_federation,wind,2010,10
russian_federation,wind,2011,10
russian_federation,wind,2012,10
russian_federation,wind,2013,10
russian_federation,wind,2014,10
russian_federation,wind,2015,10.9
russian_federation,wind,2016,10.9
russian_federation,wind,2017,10.9
russian_federation,wind,2018,51.9
russian_federation,wind,2019,101.9
south_africa,wind,1997,0
south_africa,wind,1998,0
south_africa,wind,1999,0
south_africa,wind,2000,0
south_africa,wind,2001,0
south_africa,wind,2002,3.2
south_africa,wind,2003,3.2
south_africa,wind,2004,3.2
south_africa,wind,2005,3.2
south_africa,wind,2006,3.2
south_africa,wind,2007,3.2
south_africa,wind,2008,8.4
south_africa,wind,2009,8.4
south_africa,wind,2010,10.16
south_africa,wind,2011,10.16
south_africa,wind,2012,10.16
south_africa,wind,2013,257
south_africa,wind,2014,569
south_africa,wind,2015,1079
south_africa,wind,2016,1473
south_africa,wind,2017,2094
south_africa,wind,2018,2094
south_africa,wind,2019,2094
south_korea,wind,1997,1
south_korea,wind,1998,1
south_korea,wind,1999,5
south_korea,wind,2000,7
south_korea,wind,2001,11
south_korea,wind,2002,13
south_korea,wind,2003,19
south_korea,wind,2004,29
south_korea,wind,2005,99
south_korea,wind,2006,178
south_korea,wind,2007,196
south_korea,wind,2008,304
south_korea,wind,2009,351
south_korea,wind,2010,382
south_korea,wind,2011,425
south_korea,wind,2012,464
south_korea,wind,2013,576
south_korea,wind,2014,612
south_korea,wind,2015,847
south_korea,wind,2016,1067
south_korea,wind,2017,1215
south_korea,wind,2018,1420.33
south_korea,wind,2019,1512.221
spain,wind,1997,512
spain,wind,1998,723
spain,wind,1999,1408
spain,wind,2000,2206
spain,wind,2001,3397
spain,wind,2002,4891
spain,wind,2003,5945
spain,wind,2004,8317
spain,wind,2005,9918
spain,wind,2006,11722
spain,wind,2007,14820
spain,wind,2008,16555
spain,wind,2009,19176
spain,wind,2010,20693
spain,wind,2011,21529
spain,wind,2012,22789
spain,wind,2013,22958
spain,wind,2014,22925
spain,wind,2015,22943
spain,wind,2016,22990
spain,wind,2017,23124.479
spain,wind,2018,23405.055
spain,wind,2019,25553.055
sweden,wind,1997,122
sweden,wind,1998,176
sweden,wind,1999,220
sweden,wind,2000,209
sweden,wind,2001,295
sweden,wind,2002,357
sweden,wind,2003,417
sweden,wind,2004,475
sweden,wind,2005,522
sweden,wind,2006,585
sweden,wind,2007,823
sweden,wind,2008,1089
sweden,wind,2009,1475
sweden,wind,2010,2017
sweden,wind,2011,2764
sweden,wind,2012,3606
sweden,wind,2013,4194
sweden,wind,2014,5088
sweden,wind,2015,5819
sweden,wind,2016,6435
sweden,wind,2017,6611
sweden,wind,2018,7300
sweden,wind,2019,8888
taiwan,wind,1997,1
taiwan,wind,1998,1
taiwan,wind,1999,1
taiwan,wind,2000,2.6
taiwan,wind,2001,5
taiwan,wind,2002,8.5
taiwan,wind,2003,8.5
taiwan,wind,2004,8.5
taiwan,wind,2005,23.9
taiwan,wind,2006,102
taiwan,wind,2007,186
taiwan,wind,2008,250.4
taiwan,wind,2009,374.3
taiwan,wind,2010,475.9
taiwan,wind,2011,522.7
taiwan,wind,2012,571
taiwan,wind,2013,614.2
taiwan,wind,2014,637.2
taiwan,wind,2015,646.7
taiwan,wind,2016,682
taiwan,wind,2017,692
taiwan,wind,2018,713.191
taiwan,wind,2019,845.2
thailand,wind,1997,0
thailand,wind,1998,0
thailand,wind,1999,0
thailand,wind,2000,0
thailand,wind,2001,0
thailand,wind,2002,0
thailand,wind,2003,0
thailand,wind,2004,0
thailand,wind,2005,0
thailand,wind,2006,0.3
thailand,wind,2007,0.9
thailand,wind,2008,1.1
thailand,wind,2009,5.1
thailand,wind,2010,5.6
thailand,wind,2011,7.3
thailand,wind,2012,111.7
thailand,wind,2013,222.7
thailand,wind,2014,224.5
thailand,wind,2015,233.9
thailand,wind,2016,507.04
thailand,wind,2017,627.82
thailand,wind,2018,1102.82
thailand,wind,2019,1506.82
total_africa,wind,1997,6
total_africa,wind,1998,10
total_africa,wind,1999,64
total_africa,wind,2000,133.4
total_africa,wind,2001,133.4
total_africa,wind,2002,139.66
total_africa,wind,2003,150.24
total_africa,wind,2004,226.16
total_africa,wind,2005,226.38
total_africa,wind,2006,311.08
total_africa,wind,2007,451.92
total_africa,wind,2008,537.12
total_africa,wind,2009,724.05
total_africa,wind,2010,846.477
total_africa,wind,2011,976.682
total_africa,wind,2012,1109.974
total_africa,wind,2013,1724.204
total_africa,wind,2014,2382.768
total_africa,wind,2015,3303.649
total_africa,wind,2016,3813.125
total_africa,wind,2017,4559.974
total_africa,wind,2018,5448.264
total_africa,wind,2019,5748.264
total_asia_pacific,wind,1997,1117.075
total_asia_pacific,wind,1998,1242.075
total_asia_pacific,wind,1999,1422.755
total_asia_pacific,wind,2000,1777.6
total_asia_pacific,wind,2001,2149.6
total_asia_pacific,wind,2002,2619.3
total_asia_pacific,wind,2003,3483.9
total_asia_pacific,wind,2004,5140.3
total_asia_pacific,wind,2005,7810.6
total_asia_pacific,wind,2006,11523.5
total_asia_pacific,wind,2007,15603.7
total_asia_pacific,wind,2008,22797.854
total_asia_pacific,wind,2009,33557.454
total_asia_pacific,wind,2010,48519.154
total_asia_pacific,wind,2011,68725.641
total_asia_pacific,wind,2012,86039.702
total_asia_pacific,wind,2013,103430.299
total_asia_pacific,wind,2014,128811.589
total_asia_pacific,wind,2015,166703.591
total_asia_pacific,wind,2016,189152.216
total_asia_pacific,wind,2017,210455.531
total_asia_pacific,wind,2018,235632.718
total_asia_pacific,wind,2019,266053.396
total_cis,wind,2000,3
total_cis,wind,2001,3
total_cis,wind,2002,7
total_cis,wind,2003,9
total_cis,wind,2004,9
total_cis,wind,2005,12.6
total_cis,wind,2006,12.6
total_cis,wind,2007,12.6
total_cis,wind,2008,12.6
total_cis,wind,2009,14.6
total_cis,wind,2010,14.64
total_cis,wind,2011,12.64
total_cis,wind,2012,14.14
total_cis,wind,2013,19.34
total_cis,wind,2014,68.15
total_cis,wind,2015,93.255
total_cis,wind,2016,148.385
total_cis,wind,2017,163.375
total_cis,wind,2018,263.725
total_cis,wind,2019,476.075
total_europe,wind,1997,4810
total_europe,wind,1998,6383.1
total_europe,wind,1999,9279.8
total_europe,wind,2000,12749.885
total_europe,wind,2001,17411.903
total_europe,wind,2002,23307.081
total_europe,wind,2003,28169.936
total_europe,wind,2004,34337.372
total_europe,wind,2005,40701.315
total_europe,wind,2006,47973.925
total_europe,wind,2007,56482.856
total_europe,wind,2008,64415.552
total_europe,wind,2009,76595.795
total_europe,wind,2010,86236.389
total_europe,wind,2011,96439.363
total_europe,wind,2012,109443.61
total_europe,wind,2013,121014.386
total_europe,wind,2014,133814.392
total_europe,wind,2015,147516.307
total_europe,wind,2016,161487.023
total_europe,wind,2017,177129.181
total_europe,wind,2018,188874.513
total_europe,wind,2019,203482.723
total_middle_east,wind,1997,9
total_middle_east,wind,1998,9
total_middle_east,wind,1999,9
total_middle_east,wind,2000,12.4
total_middle_east,wind,2001,12.4
total_middle_east,wind,2002,19.4
total_middle_east,wind,2003,23.4
total_middle_east,wind,2004,32.9
total_middle_east,wind,2005,45
total_middle_east,wind,2006,55
total_middle_east,wind,2007,71
total_middle_east,wind,2008,71.7
total_middle_east,wind,2009,100.7
total_middle_east,wind,2010,103.7
total_middle_east,wind,2011,106.9
total_middle_east,wind,2012,115.3
total_middle_east,wind,2013,119.2
total_middle_east,wind,2014,162.2
total_middle_east,wind,2015,286.22
total_middle_east,wind,2016,410.12
total_middle_east,wind,2017,504.93
total_middle_east,wind,2018,614.03
total_middle_east,wind,2019,723.23
total_north_america,wind,1997,1639
total_north_america,wind,1998,2226
total_north_america,wind,1999,2573
total_north_america,wind,2000,2533
total_north_america,wind,2001,4095
total_north_america,wind,2002,4705
total_north_america,wind,2003,6364
total_north_america,wind,2004,6918
total_north_america,wind,2005,9401
total_north_america,wind,2006,12853
total_north_america,wind,2007,18456
total_north_america,wind,2008,27088
total_north_america,wind,2009,38003
total_north_america,wind,2010,43621
total_north_america,wind,2011,51542
total_north_america,wind,2012,67091
total_north_america,wind,2013,69896
total_north_america,wind,2014,76495
total_north_america,wind,2015,87058.02
total_north_america,wind,2016,97310
total_north_america,wind,2017,104198.98
total_north_america,wind,2018,112108.775
total_north_america,wind,2019,123588.075
total_s_cent_america,wind,1997,42
total_s_cent_america,wind,1998,66
total_s_cent_america,wind,1999,78
total_s_cent_america,wind,2000,90.4
total_s_cent_america,wind,2001,133.9
total_s_cent_america,wind,2002,136.2
total_s_cent_america,wind,2003,152.5
total_s_cent_america,wind,2004,196.4
total_s_cent_america,wind,2005,193.1
total_s_cent_america,wind,2006,411
total_s_cent_america,wind,2007,445.2
total_s_cent_america,wind,2008,613.2
total_s_cent_america,wind,2009,1106.9
total_s_cent_america,wind,2010,1488.9
total_s_cent_america,wind,2011,2197.2
total_s_cent_america,wind,2012,3071.3
total_s_cent_america,wind,2013,3619.1
total_s_cent_america,wind,2014,7481.4
total_s_cent_america,wind,2015,11314.92
total_s_cent_america,wind,2016,14505.762
total_s_cent_america,wind,2017,17389.688
total_s_cent_america,wind,2018,20877.955
total_s_cent_america,wind,2019,22632.541
total_world,wind,1995,4778
total_world,wind,1996,6070
total_world,wind,1997,7623.075
total_world,wind,1998,9936.175
total_world,wind,1999,13426.555
total_world,wind,2000,17303.7
total_world,wind,2001,23976.4
total_world,wind,2002,30979.46
total_world,wind,2003,38391.74
total_world,wind,2004,46910.76
total_world,wind,2005,58441.38
total_world,wind,2006,73151.98
total_world,wind,2007,91496.22
total_world,wind,2008,115347.574
total_world,wind,2009,150165.004
total_world,wind,2010,180923.871
total_world,wind,2011,220120.263
total_world,wind,2012,267096.716
total_world,wind,2013,300286.743
total_world,wind,2014,349671.007
total_world,wind,2015,416275.962
total_world,wind,2016,466826.631
total_world,wind,2017,514401.659
total_world,wind,2018,563819.98
total_world,wind,2019,622704.304
tunisia,wind,1997,0
tunisia,wind,1998,2
tunisia,wind,1999,8
tunisia,wind,2000,10
tunisia,wind,2001,10
tunisia,wind,2002,10
tunisia,wind,2003,19
tunisia,wind,2004,19
tunisia,wind,2005,19
tunisia,wind,2006,19
tunisia,wind,2007,19
tunisia,wind,2008,19
tunisia,wind,2009,53
tunisia,wind,2010,53
tunisia,wind,2011,53
tunisia,wind,2012,173
tunisia,wind,2013,200
tunisia,wind,2014,233
tunisia,wind,2015,240
tunisia,wind,2016,245
tunisia,wind,2017,245
tunisia,wind,2018,245
tunisia,wind,2019,245
turkey,wind,1997,9
turkey,wind,1998,9
turkey,wind,1999,9
turkey,wind,2000,19
turkey,wind,2001,19
turkey,wind,2002,19
turkey,wind,2003,19
turkey,wind,2004,19
turkey,wind,2005,21
turkey,wind,2006,59
turkey,wind,2007,146
turkey,wind,2008,364
turkey,wind,2009,792
turkey,wind,2010,1320
turkey,wind,2011,1729
turkey,wind,2012,2261
turkey,wind,2013,2760
turkey,wind,2014,3630
turkey,wind,2015,4503
turkey,wind,2016,5751
turkey,wind,2017,6516.15
turkey,wind,2018,7005.35
turkey,wind,2019,7591.15
ukraine,wind,2000,5
ukraine,wind,2001,36.2
ukraine,wind,2002,46.2
ukraine,wind,2003,54.4
ukraine,wind,2004,71.4
ukraine,wind,2005,76.6
ukraine,wind,2006,76.6
ukraine,wind,2007,82
ukraine,wind,2008,83
ukraine,wind,2009,86
ukraine,wind,2010,88
ukraine,wind,2011,146
ukraine,wind,2012,248
ukraine,wind,2013,362
ukraine,wind,2014,513.9
ukraine,wind,2015,513.9
ukraine,wind,2016,526
ukraine,wind,2017,553
ukraine,wind,2018,620.77
ukraine,wind,2019,1257.77
united_kingdom,wind,1997,328
united_kingdom,wind,1998,338
united_kingdom,wind,1999,362
united_kingdom,wind,2000,412
united_kingdom,wind,2001,493
united_kingdom,wind,2002,534
united_kingdom,wind,2003,742
united_kingdom,wind,2004,933
united_kingdom,wind,2005,1565
united_kingdom,wind,2006,1955
united_kingdom,wind,2007,2477
united_kingdom,wind,2008,3446
united_kingdom,wind,2009,4422
united_kingdom,wind,2010,5421.2
united_kingdom,wind,2011,6596.3
united_kingdom,wind,2012,9030.4
united_kingdom,wind,2013,11282.3
united_kingdom,wind,2014,13074
united_kingdom,wind,2015,14305.634
united_kingdom,wind,2016,16125.696
united_kingdom,wind,2017,19584.758
united_kingdom,wind,2018,21770.378
united_kingdom,wind,2019,24127.878
uruguay,wind,1997,0
uruguay,wind,1998,0
uruguay,wind,1999,0
uruguay,wind,2000,0
uruguay,wind,2001,0
uruguay,wind,2002,0
uruguay,wind,2003,0
uruguay,wind,2004,0
uruguay,wind,2005,0
uruguay,wind,2006,0
uruguay,wind,2007,0
uruguay,wind,2008,14.6
uruguay,wind,2009,30.6
uruguay,wind,2010,40.6
uruguay,wind,2011,43.6
uruguay,wind,2012,52.6
uruguay,wind,2013,59.4
uruguay,wind,2014,481.3
uruguay,wind,2015,856.766
uruguay,wind,2016,1211.5
uruguay,wind,2017,1515.656
uruguay,wind,2018,1515.656
uruguay,wind,2019,1560.656
us,wind,1997,1611
us,wind,1998,2141
us,wind,1999,2445
us,wind,2000,2377
us,wind,2001,3864
us,wind,2002,4417
us,wind,2003,5995
us,wind,2004,6456
us,wind,2005,8706
us,wind,2006,11329
us,wind,2007,16515
us,wind,2008,24651
us,wind,2009,34296
us,wind,2010,39135
us,wind,2011,45676
us,wind,2012,59075
us,wind,2013,59973
us,wind,2014,64232
us,wind,2015,72573.02
us,wind,2016,81286
us,wind,2017,87597
us,wind,2018,94417.4
us,wind,2019,103584.2
