geo,material,year,production_reserve
australia,cobalt,1995,0.824
australia,cobalt,1996,0.942
australia,cobalt,1997,1.219
australia,cobalt,1998,1.269
australia,cobalt,1999,1.01034485
australia,cobalt,2000,3.59847998
australia,cobalt,2001,4.31193994
australia,cobalt,2002,4.854
australia,cobalt,2003,5.12
australia,cobalt,2004,4.55
australia,cobalt,2005,4.11
australia,cobalt,2006,5.05
australia,cobalt,2007,4.74
australia,cobalt,2008,4.79
australia,cobalt,2009,4.63
australia,cobalt,2010,3.85
australia,cobalt,2011,3.85
australia,cobalt,2012,5.88
australia,cobalt,2013,6.4
australia,cobalt,2014,6.20125586
australia,cobalt,2015,6.03
australia,cobalt,2016,5.47
australia,cobalt,2017,5.8
australia,cobalt,2018,4.9
australia,cobalt,2019,5.12090164
canada,cobalt,1995,5.339
canada,cobalt,1996,5.714
canada,cobalt,1997,5.709
canada,cobalt,1998,5.861
canada,cobalt,1999,5.323
canada,cobalt,2000,5.298
canada,cobalt,2001,5.326
canada,cobalt,2002,5.148
canada,cobalt,2003,4.327
canada,cobalt,2004,5.06
canada,cobalt,2005,5.767
canada,cobalt,2006,7.115
canada,cobalt,2007,8.692
canada,cobalt,2008,8.953
canada,cobalt,2009,3.919
canada,cobalt,2010,4.636
canada,cobalt,2011,6.836
canada,cobalt,2012,3.698
canada,cobalt,2013,4.005
canada,cobalt,2014,3.907
canada,cobalt,2015,4.339
canada,cobalt,2016,4.216
canada,cobalt,2017,3.704
canada,cobalt,2018,3.524
canada,cobalt,2019,3.336
cuba,cobalt,1995,1.591
cuba,cobalt,1996,2.011
cuba,cobalt,1997,2.358
cuba,cobalt,1998,2.665
cuba,cobalt,1999,2.537
cuba,cobalt,2000,2.852
cuba,cobalt,2001,3.425
cuba,cobalt,2002,3.442
cuba,cobalt,2003,3.274
cuba,cobalt,2004,3.554
cuba,cobalt,2005,4.798
cuba,cobalt,2006,5.602
cuba,cobalt,2007,4.54
cuba,cobalt,2008,4
cuba,cobalt,2009,4.6
cuba,cobalt,2010,4.8
cuba,cobalt,2011,5.1
cuba,cobalt,2012,4.7
cuba,cobalt,2013,4
cuba,cobalt,2014,3.7
cuba,cobalt,2015,4.3
cuba,cobalt,2016,5.1
cuba,cobalt,2017,5
cuba,cobalt,2018,4.49041933
cuba,cobalt,2019,4.68758678
dr_congo,cobalt,1995,1.67
dr_congo,cobalt,1996,2
dr_congo,cobalt,1997,3.5
dr_congo,cobalt,1998,5
dr_congo,cobalt,1999,7
dr_congo,cobalt,2000,11
dr_congo,cobalt,2001,12
dr_congo,cobalt,2002,14.6
dr_congo,cobalt,2003,14.8
dr_congo,cobalt,2004,20.2
dr_congo,cobalt,2005,24.5
dr_congo,cobalt,2006,27.1
dr_congo,cobalt,2007,25.4
dr_congo,cobalt,2008,42.461
dr_congo,cobalt,2009,56.103
dr_congo,cobalt,2010,84.005
dr_congo,cobalt,2011,99.475
dr_congo,cobalt,2012,86.433
dr_congo,cobalt,2013,76.572
dr_congo,cobalt,2014,76.47496094
dr_congo,cobalt,2015,84.40047656
dr_congo,cobalt,2016,69.03828906
dr_congo,cobalt,2017,90.31940625
dr_congo,cobalt,2018,109.4023
dr_congo,cobalt,2019,77.9637
madagascar,cobalt,2006,0
madagascar,cobalt,2007,0
madagascar,cobalt,2008,0
madagascar,cobalt,2009,0
madagascar,cobalt,2010,0.165
madagascar,cobalt,2011,0.5
madagascar,cobalt,2012,0.6
madagascar,cobalt,2013,2.4
madagascar,cobalt,2014,3.4
madagascar,cobalt,2015,4
madagascar,cobalt,2016,3.8
madagascar,cobalt,2017,3.40519481
madagascar,cobalt,2018,3.30939649
madagascar,cobalt,2019,3.36745607
morocco,cobalt,1995,0.537
morocco,cobalt,1996,0.565
morocco,cobalt,1997,0.714
morocco,cobalt,1998,0.287
morocco,cobalt,1999,0.863
morocco,cobalt,2000,0.967
morocco,cobalt,2001,1.242
morocco,cobalt,2002,1.453
morocco,cobalt,2003,1.391
morocco,cobalt,2004,1.6
morocco,cobalt,2005,1.6
morocco,cobalt,2006,2.6
morocco,cobalt,2007,1.8
morocco,cobalt,2008,1.7
morocco,cobalt,2009,2.61
morocco,cobalt,2010,3.11
morocco,cobalt,2011,2.16
morocco,cobalt,2012,2
morocco,cobalt,2013,2
morocco,cobalt,2014,2.15
morocco,cobalt,2015,2.25
morocco,cobalt,2016,2.7298689
morocco,cobalt,2017,2.52391528
morocco,cobalt,2018,2.1
morocco,cobalt,2019,2.1
new_caledonia,cobalt,1995,1.1
new_caledonia,cobalt,1996,1.1
new_caledonia,cobalt,1997,1
new_caledonia,cobalt,1998,1
new_caledonia,cobalt,1999,1.1
new_caledonia,cobalt,2000,1.2
new_caledonia,cobalt,2001,1.4
new_caledonia,cobalt,2002,2.78
new_caledonia,cobalt,2003,2.602
new_caledonia,cobalt,2004,2.726
new_caledonia,cobalt,2005,1.769
new_caledonia,cobalt,2006,1.629
new_caledonia,cobalt,2007,2.25
new_caledonia,cobalt,2008,2.11
new_caledonia,cobalt,2009,2
new_caledonia,cobalt,2010,2.85
new_caledonia,cobalt,2011,3.1
new_caledonia,cobalt,2012,2.67
new_caledonia,cobalt,2013,3.19
new_caledonia,cobalt,2014,4.04
new_caledonia,cobalt,2015,3.69
new_caledonia,cobalt,2016,3.39
new_caledonia,cobalt,2017,2.8
new_caledonia,cobalt,2018,1.661
new_caledonia,cobalt,2019,1.24
papua_new_guinea,cobalt,2008,0
papua_new_guinea,cobalt,2009,0
papua_new_guinea,cobalt,2010,0
papua_new_guinea,cobalt,2012,0.469
papua_new_guinea,cobalt,2013,1.013
papua_new_guinea,cobalt,2014,2.134
papua_new_guinea,cobalt,2015,2.505
papua_new_guinea,cobalt,2016,2.19
papua_new_guinea,cobalt,2017,3.31
papua_new_guinea,cobalt,2018,3.28
papua_new_guinea,cobalt,2019,3.1
philippines,cobalt,2003,0.1
philippines,cobalt,2004,0.1
philippines,cobalt,2005,0.3
philippines,cobalt,2006,0.9
philippines,cobalt,2007,1
philippines,cobalt,2008,1.2
philippines,cobalt,2009,1.4
philippines,cobalt,2010,2.1
philippines,cobalt,2011,2
philippines,cobalt,2012,2.7
philippines,cobalt,2013,2.8
philippines,cobalt,2014,4.6
philippines,cobalt,2015,4.3
philippines,cobalt,2016,4.1
philippines,cobalt,2017,4.6
philippines,cobalt,2018,4.43734192
philippines,cobalt,2019,4.62635712
rest_of_world,cobalt,1995,2.874
rest_of_world,cobalt,1996,2.204
rest_of_world,cobalt,1997,2.01
rest_of_world,cobalt,1998,1.863
rest_of_world,cobalt,1999,2.452
rest_of_world,cobalt,2000,2.427
rest_of_world,cobalt,2001,2.623
rest_of_world,cobalt,2002,3.517
rest_of_world,cobalt,2003,3.174
rest_of_world,cobalt,2004,3.773
rest_of_world,cobalt,2005,5.314
rest_of_world,cobalt,2006,4.777
rest_of_world,cobalt,2007,6.37
rest_of_world,cobalt,2008,6.311
rest_of_world,cobalt,2009,5.681
rest_of_world,cobalt,2010,7.298
rest_of_world,cobalt,2011,9.819
rest_of_world,cobalt,2012,11.351
rest_of_world,cobalt,2013,12.883
rest_of_world,cobalt,2014,8.964
rest_of_world,cobalt,2015,8.574
rest_of_world,cobalt,2016,6.30428482
rest_of_world,cobalt,2017,5.48
rest_of_world,cobalt,2018,7.504
rest_of_world,cobalt,2019,6.46
russian_federation,cobalt,1995,3.5
russian_federation,cobalt,1996,3.3
russian_federation,cobalt,1997,3.3
russian_federation,cobalt,1998,3.6
russian_federation,cobalt,1999,3.9
russian_federation,cobalt,2000,4
russian_federation,cobalt,2001,4.6
russian_federation,cobalt,2002,4.6
russian_federation,cobalt,2003,6.1
russian_federation,cobalt,2004,6
russian_federation,cobalt,2005,6.3
russian_federation,cobalt,2006,6.3
russian_federation,cobalt,2007,6.3
russian_federation,cobalt,2008,6.2
russian_federation,cobalt,2009,6.1
russian_federation,cobalt,2010,6.2
russian_federation,cobalt,2011,6.1
russian_federation,cobalt,2012,6.3
russian_federation,cobalt,2013,6.3
russian_federation,cobalt,2014,6.3
russian_federation,cobalt,2015,6.2
russian_federation,cobalt,2016,5.5
russian_federation,cobalt,2017,5.9
russian_federation,cobalt,2018,6.1
russian_federation,cobalt,2019,6.1
south_africa,cobalt,1995,0.288
south_africa,cobalt,1996,0.35
south_africa,cobalt,1997,0.465
south_africa,cobalt,1998,0.435
south_africa,cobalt,1999,0.45
south_africa,cobalt,2000,0.58
south_africa,cobalt,2001,0.56
south_africa,cobalt,2002,0.52
south_africa,cobalt,2003,0.48
south_africa,cobalt,2004,0.61
south_africa,cobalt,2005,0.62
south_africa,cobalt,2006,0.6
south_africa,cobalt,2007,0.6
south_africa,cobalt,2008,0.59
south_africa,cobalt,2009,0.61
south_africa,cobalt,2010,1.8
south_africa,cobalt,2011,1.6
south_africa,cobalt,2012,2.5
south_africa,cobalt,2013,3
south_africa,cobalt,2014,3
south_africa,cobalt,2015,2.9
south_africa,cobalt,2016,2.3
south_africa,cobalt,2017,2.3
south_africa,cobalt,2018,2.3
south_africa,cobalt,2019,2.4
total_world,cobalt,1995,20.654
total_world,cobalt,1996,23.015
total_world,cobalt,1997,24.303
total_world,cobalt,1998,26.941
total_world,cobalt,1999,29.01334485
total_world,cobalt,2000,34.79947998
total_world,cobalt,2001,39.66993994
total_world,cobalt,2002,44.904
total_world,cobalt,2003,44.579
total_world,cobalt,2004,54.255
total_world,cobalt,2005,60.607
total_world,cobalt,2006,66.331
total_world,cobalt,2007,66.382
total_world,cobalt,2008,82.928
total_world,cobalt,2009,93.532
total_world,cobalt,2010,129.462
total_world,cobalt,2011,148.242
total_world,cobalt,2012,134.736
total_world,cobalt,2013,130.482
total_world,cobalt,2014,129.4332168
total_world,cobalt,2015,136.46747656
total_world,cobalt,2016,119.12044278
total_world,cobalt,2017,137.79141634
total_world,cobalt,2018,154.59345773
total_world,cobalt,2019,121.77000161
zambia,cobalt,1995,2.931
zambia,cobalt,1996,4.829
zambia,cobalt,1997,4.028
zambia,cobalt,1998,4.961
zambia,cobalt,1999,4.378
zambia,cobalt,2000,2.877
zambia,cobalt,2001,4.182
zambia,cobalt,2002,3.99
zambia,cobalt,2003,3.211
zambia,cobalt,2004,6.082
zambia,cobalt,2005,5.529
zambia,cobalt,2006,4.658
zambia,cobalt,2007,4.69
zambia,cobalt,2008,4.613
zambia,cobalt,2009,5.879
zambia,cobalt,2010,8.648
zambia,cobalt,2011,7.702
zambia,cobalt,2012,5.435
zambia,cobalt,2013,5.919
zambia,cobalt,2014,4.562
zambia,cobalt,2015,2.979
zambia,cobalt,2016,4.982
zambia,cobalt,2017,2.6489
zambia,cobalt,2018,1.585
zambia,cobalt,2019,1.268
brazil,graphite,1995,33.59
brazil,graphite,1996,40.466
brazil,graphite,1997,41.444
brazil,graphite,1998,61.369
brazil,graphite,1999,53.503
brazil,graphite,2000,71.208
brazil,graphite,2001,60.666
brazil,graphite,2002,60.922
brazil,graphite,2003,70.739
brazil,graphite,2004,76.332
brazil,graphite,2005,75.515
brazil,graphite,2006,76.194
brazil,graphite,2007,77.163
brazil,graphite,2008,80.5
brazil,graphite,2009,59.425
brazil,graphite,2010,92.364
brazil,graphite,2011,105.188
brazil,graphite,2012,88.11
brazil,graphite,2013,91.908
brazil,graphite,2014,87.026
brazil,graphite,2015,75.1
brazil,graphite,2016,85
brazil,graphite,2017,85
brazil,graphite,2018,95
brazil,graphite,2019,96
canada,graphite,1995,25
canada,graphite,1996,25
canada,graphite,1997,25
canada,graphite,1998,25
canada,graphite,1999,25
canada,graphite,2000,25
canada,graphite,2001,35
canada,graphite,2002,25
canada,graphite,2003,25
canada,graphite,2004,28
canada,graphite,2005,28
canada,graphite,2006,28
canada,graphite,2007,28
canada,graphite,2008,27
canada,graphite,2009,15
canada,graphite,2010,20
canada,graphite,2011,25
canada,graphite,2012,24
canada,graphite,2013,20
canada,graphite,2014,30
canada,graphite,2015,30
canada,graphite,2016,30
canada,graphite,2017,40
canada,graphite,2018,40
canada,graphite,2019,40
china,graphite,1995,204
china,graphite,1996,185
china,graphite,1997,310
china,graphite,1998,224
china,graphite,1999,300
china,graphite,2000,430
china,graphite,2001,450
china,graphite,2002,629
china,graphite,2003,710
china,graphite,2004,700
china,graphite,2005,720
china,graphite,2006,720
china,graphite,2007,800
china,graphite,2008,650
china,graphite,2009,450
china,graphite,2010,700
china,graphite,2011,800
china,graphite,2012,820
china,graphite,2013,750
china,graphite,2014,780
china,graphite,2015,780
china,graphite,2016,780
china,graphite,2017,625
china,graphite,2018,630
china,graphite,2019,700
india,graphite,1995,136.263
india,graphite,1996,117.761
india,graphite,1997,111.518
india,graphite,1998,135.668
india,graphite,1999,108.826
india,graphite,2000,124.79
india,graphite,2001,105.814
india,graphite,2002,106.06
india,graphite,2003,87.207
india,graphite,2004,108.15
india,graphite,2005,125.651
india,graphite,2006,162.293
india,graphite,2007,170.813
india,graphite,2008,117.767
india,graphite,2009,124.625
india,graphite,2010,115.697
india,graphite,2011,153.339
india,graphite,2012,134.735
india,graphite,2013,146.39
india,graphite,2014,116.712
india,graphite,2015,134.568
india,graphite,2016,122.437
india,graphite,2017,35
india,graphite,2018,35
india,graphite,2019,35
madagascar,graphite,1995,16.119
madagascar,graphite,1996,12.134
madagascar,graphite,1997,14.107
madagascar,graphite,1998,20.629
madagascar,graphite,1999,16.137
madagascar,graphite,2000,40.328
madagascar,graphite,2001,2.013
madagascar,graphite,2002,2
madagascar,graphite,2003,15
madagascar,graphite,2004,7.77
madagascar,graphite,2005,6.4
madagascar,graphite,2006,4.857
madagascar,graphite,2007,5.351
madagascar,graphite,2008,4.922
madagascar,graphite,2009,3.437
madagascar,graphite,2010,3.783
madagascar,graphite,2011,3.573
madagascar,graphite,2012,2.885
madagascar,graphite,2013,4.3
madagascar,graphite,2014,5.316
madagascar,graphite,2015,8.1
madagascar,graphite,2016,9.23
madagascar,graphite,2017,13.342
madagascar,graphite,2018,48.056
madagascar,graphite,2019,48.056
mexico,graphite,1995,34.386
mexico,graphite,1996,40.412
mexico,graphite,1997,47.981
mexico,graphite,1998,43.461
mexico,graphite,1999,27.78
mexico,graphite,2000,30.33
mexico,graphite,2001,21.442
mexico,graphite,2002,13.885
mexico,graphite,2003,8.73
mexico,graphite,2004,14.769
mexico,graphite,2005,12.357
mexico,graphite,2006,11.773
mexico,graphite,2007,9.9
mexico,graphite,2008,7.229
mexico,graphite,2009,5.105
mexico,graphite,2010,6.628
mexico,graphite,2011,7.348
mexico,graphite,2012,7.52
mexico,graphite,2013,7.024
mexico,graphite,2014,9.16
mexico,graphite,2015,6.524
mexico,graphite,2016,3.839
mexico,graphite,2017,1.746
mexico,graphite,2018,4.19775
mexico,graphite,2019,4.19775
mozambique,graphite,1995,3.019
mozambique,graphite,1996,3.283
mozambique,graphite,1997,5.125
mozambique,graphite,1998,5.889
mozambique,graphite,1999,4.007
mozambique,graphite,2017,0.3
mozambique,graphite,2018,104
mozambique,graphite,2019,153
rest_of_world,graphite,1995,96.327
rest_of_world,graphite,1996,108.048
rest_of_world,graphite,1997,106.03
rest_of_world,graphite,1998,92.629
rest_of_world,graphite,1999,75.941
rest_of_world,graphite,2000,69.339
rest_of_world,graphite,2001,56.885
rest_of_world,graphite,2002,55.067
rest_of_world,graphite,2003,38.908
rest_of_world,graphite,2004,45.79
rest_of_world,graphite,2005,48.037
rest_of_world,graphite,2006,44.928
rest_of_world,graphite,2007,36.912
rest_of_world,graphite,2008,40.719
rest_of_world,graphite,2009,58.46
rest_of_world,graphite,2010,24.674
rest_of_world,graphite,2011,25.232
rest_of_world,graphite,2012,49.732
rest_of_world,graphite,2013,51.604
rest_of_world,graphite,2014,37.062
rest_of_world,graphite,2015,22.772
rest_of_world,graphite,2016,21.612
rest_of_world,graphite,2017,22.892
rest_of_world,graphite,2018,44.404
rest_of_world,graphite,2019,48.444
russian_federation,graphite,1995,13.7
russian_federation,graphite,1996,13.928
russian_federation,graphite,1997,14.275
russian_federation,graphite,1998,6
russian_federation,graphite,1999,15.67
russian_federation,graphite,2000,20.125
russian_federation,graphite,2001,16.563
russian_federation,graphite,2002,14.241
russian_federation,graphite,2003,12.78
russian_federation,graphite,2004,13.55
russian_federation,graphite,2005,14
russian_federation,graphite,2006,14
russian_federation,graphite,2007,14
russian_federation,graphite,2008,14
russian_federation,graphite,2009,14
russian_federation,graphite,2010,7.7
russian_federation,graphite,2011,20.7
russian_federation,graphite,2012,14.3
russian_federation,graphite,2013,20.2
russian_federation,graphite,2014,17.6
russian_federation,graphite,2015,15.9
russian_federation,graphite,2016,19.4
russian_federation,graphite,2017,25.2
russian_federation,graphite,2018,17.8
russian_federation,graphite,2019,16.6
sri_lanka,graphite,1995,4.825
sri_lanka,graphite,1996,5.645
sri_lanka,graphite,1997,5.4
sri_lanka,graphite,1998,5.91
sri_lanka,graphite,1999,4.592
sri_lanka,graphite,2000,5.902
sri_lanka,graphite,2001,6.585
sri_lanka,graphite,2002,3.619
sri_lanka,graphite,2003,3.387
sri_lanka,graphite,2004,5.374
sri_lanka,graphite,2005,4.37
sri_lanka,graphite,2006,5.756
sri_lanka,graphite,2007,9.593
sri_lanka,graphite,2008,6.615
sri_lanka,graphite,2009,3.171
sri_lanka,graphite,2010,3.437
sri_lanka,graphite,2011,3.357
sri_lanka,graphite,2012,4.173
sri_lanka,graphite,2013,3.143
sri_lanka,graphite,2014,4
sri_lanka,graphite,2015,4.212
sri_lanka,graphite,2016,4
sri_lanka,graphite,2017,3.5
sri_lanka,graphite,2018,4
sri_lanka,graphite,2019,4
total_world,graphite,1995,587.367
total_world,graphite,1996,564.735
total_world,graphite,1997,697.948
total_world,graphite,1998,639.465
total_world,graphite,1999,650.322
total_world,graphite,2000,836.291
total_world,graphite,2001,773.204
total_world,graphite,2002,929.106
total_world,graphite,2003,990.426
total_world,graphite,2004,1020.962
total_world,graphite,2005,1049.028
total_world,graphite,2006,1085.089
total_world,graphite,2007,1167.75
total_world,graphite,2008,965.186
total_world,graphite,2009,739.986
total_world,graphite,2010,981.083
total_world,graphite,2011,1151.337
total_world,graphite,2012,1156.055
total_world,graphite,2013,1105.469
total_world,graphite,2014,1107.676
total_world,graphite,2015,1098.676
total_world,graphite,2016,1096.148
total_world,graphite,2017,868.415
total_world,graphite,2018,1039.45775
total_world,graphite,2019,1162.29775
ukraine,graphite,1995,8.757
ukraine,graphite,1996,5.367
ukraine,graphite,1997,4.289
ukraine,graphite,1998,5.104
ukraine,graphite,1999,7.461
ukraine,graphite,2000,7.431
ukraine,graphite,2001,6.4
ukraine,graphite,2002,9.4
ukraine,graphite,2003,11
ukraine,graphite,2004,10.96
ukraine,graphite,2005,10.4
ukraine,graphite,2006,10.7
ukraine,graphite,2007,10.6
ukraine,graphite,2008,11.3
ukraine,graphite,2009,4.3
ukraine,graphite,2010,2.8
ukraine,graphite,2011,0.6
ukraine,graphite,2012,4.6
ukraine,graphite,2013,6.9
ukraine,graphite,2014,13.8
ukraine,graphite,2015,14.5
ukraine,graphite,2016,14.63
ukraine,graphite,2017,14.855
ukraine,graphite,2018,15
ukraine,graphite,2019,15
zimbabwe,graphite,1995,11.381
zimbabwe,graphite,1996,7.691
zimbabwe,graphite,1997,12.779
zimbabwe,graphite,1998,13.806
zimbabwe,graphite,1999,11.405
zimbabwe,graphite,2000,11.838
zimbabwe,graphite,2001,11.836
zimbabwe,graphite,2002,9.912
zimbabwe,graphite,2003,7.675
zimbabwe,graphite,2004,10.267
zimbabwe,graphite,2005,4.298
zimbabwe,graphite,2006,6.588
zimbabwe,graphite,2007,5.418
zimbabwe,graphite,2008,5.134
zimbabwe,graphite,2009,2.463
zimbabwe,graphite,2010,4
zimbabwe,graphite,2011,7
zimbabwe,graphite,2012,6
zimbabwe,graphite,2013,4
zimbabwe,graphite,2014,7
zimbabwe,graphite,2015,7
zimbabwe,graphite,2016,6
zimbabwe,graphite,2017,1.58
zimbabwe,graphite,2018,2
zimbabwe,graphite,2019,2
argentina,lithium,1995,0.008
argentina,lithium,1996,0.008
argentina,lithium,1997,0.008
argentina,lithium,1998,1.13
argentina,lithium,1999,0.2
argentina,lithium,2000,0.2
argentina,lithium,2001,0.2
argentina,lithium,2002,0.946
argentina,lithium,2003,0.96
argentina,lithium,2004,1.97
argentina,lithium,2005,1.98
argentina,lithium,2006,2.9
argentina,lithium,2007,3
argentina,lithium,2008,3.17
argentina,lithium,2009,2.22
argentina,lithium,2010,2.95
argentina,lithium,2011,2.95
argentina,lithium,2012,2.7
argentina,lithium,2013,2.5
argentina,lithium,2014,3.2
argentina,lithium,2015,3.6
argentina,lithium,2016,5.8
argentina,lithium,2017,5.7
argentina,lithium,2018,6.4
argentina,lithium,2019,6.4
australia,lithium,1995,2.23348145
australia,lithium,1996,3.88213574
australia,lithium,1997,1.57660632
australia,lithium,1998,1.17999512
australia,lithium,1999,1.50570129
australia,lithium,2000,1.82569385
australia,lithium,2001,2.22578906
australia,lithium,2002,2.20421655
australia,lithium,2003,3.5
australia,lithium,2004,3.30140527
australia,lithium,2005,4.83946533
australia,lithium,2006,6.19028467
australia,lithium,2007,6.83629004
australia,lithium,2008,6.67600146
australia,lithium,2009,5.5041167
australia,lithium,2010,8.46537891
australia,lithium,2011,11.7
australia,lithium,2012,12.7
australia,lithium,2013,10.11734961
australia,lithium,2014,12.37493945
australia,lithium,2015,11.92899609
australia,lithium,2016,14
australia,lithium,2017,21.3
australia,lithium,2018,57
australia,lithium,2019,40.71428571
brazil,lithium,1995,0.032
brazil,lithium,1996,0.032
brazil,lithium,1997,0.032
brazil,lithium,1998,0.032
brazil,lithium,1999,0.032
brazil,lithium,2000,0.03
brazil,lithium,2001,0.22
brazil,lithium,2002,0.224
brazil,lithium,2003,0.24
brazil,lithium,2004,0.242
brazil,lithium,2005,0.242
brazil,lithium,2006,0.242
brazil,lithium,2007,0.18
brazil,lithium,2008,0.16
brazil,lithium,2009,0.16
brazil,lithium,2010,0.16
brazil,lithium,2011,0.32
brazil,lithium,2012,0.15
brazil,lithium,2013,0.4
brazil,lithium,2014,0.16
brazil,lithium,2015,0.2
brazil,lithium,2016,0.2
brazil,lithium,2017,0.2
brazil,lithium,2018,0.3
brazil,lithium,2019,0.3
chile,lithium,1995,2
chile,lithium,1996,2.66366772
chile,lithium,1997,4.55453369
chile,lithium,1998,5.46264893
chile,lithium,1999,5.70515527
chile,lithium,2000,6.73787695
chile,lithium,2001,5.88336182
chile,lithium,2002,6.62009668
chile,lithium,2003,7.8270127
chile,lithium,2004,8.34068848
chile,lithium,2005,8.35204297
chile,lithium,2006,9.97650781
chile,lithium,2007,11.5256416
chile,lithium,2008,10.9924541
chile,lithium,2009,5.98307422
chile,lithium,2010,10.35792285
chile,lithium,2011,13.57149609
chile,lithium,2012,13.90386719
chile,lithium,2013,11.72121875
chile,lithium,2014,12.04946973
chile,lithium,2015,10.93621973
chile,lithium,2016,15.21173535
chile,lithium,2017,15.76358634
chile,lithium,2018,18.84873828
chile,lithium,2019,16.58084727
china,lithium,1995,0.32
china,lithium,1996,2.8
china,lithium,1997,2.9
china,lithium,1998,3
china,lithium,1999,2.3
china,lithium,2000,2.4
china,lithium,2001,2.4
china,lithium,2002,2.4
china,lithium,2003,2.5
china,lithium,2004,2.63
china,lithium,2005,2.82
china,lithium,2006,2.82
china,lithium,2007,3.01
china,lithium,2008,3.29
china,lithium,2009,3.76
china,lithium,2010,3.95
china,lithium,2011,4.14
china,lithium,2012,4.5
china,lithium,2013,4.7
china,lithium,2014,2.3
china,lithium,2015,2
china,lithium,2016,2.3
china,lithium,2017,6.8
china,lithium,2018,7.1
china,lithium,2019,7.5
portugal,lithium,1995,0.16
portugal,lithium,1996,0.16
portugal,lithium,1997,0.18
portugal,lithium,1998,0.16
portugal,lithium,1999,0.14
portugal,lithium,2000,0.14
portugal,lithium,2001,0.2
portugal,lithium,2002,0.19
portugal,lithium,2003,0.19
portugal,lithium,2004,0.32
portugal,lithium,2005,0.32
portugal,lithium,2006,0.32
portugal,lithium,2007,0.57
portugal,lithium,2008,0.7
portugal,lithium,2009,0
portugal,lithium,2010,0.8
portugal,lithium,2011,0.82
portugal,lithium,2012,0.56
portugal,lithium,2013,0.57
portugal,lithium,2014,0.3
portugal,lithium,2015,0.2
portugal,lithium,2016,0.4
portugal,lithium,2017,0.8
portugal,lithium,2018,0.8
portugal,lithium,2019,1.2
rest_of_world,lithium,1995,0.712
rest_of_world,lithium,1996,0.738
rest_of_world,lithium,1997,1.64
rest_of_world,lithium,1998,0.728
rest_of_world,lithium,1999,0.71
rest_of_world,lithium,2000,0.71
rest_of_world,lithium,2001,0.7
rest_of_world,lithium,2002,0.707
rest_of_world,lithium,2003,0.71
rest_of_world,lithium,2004,0.707
rest_of_world,lithium,2005,0.707
rest_of_world,lithium,2006,0.707
rest_of_world,lithium,2007,0.707
rest_of_world,lithium,2008,0.69
rest_of_world,lithium,2009,0.31
rest_of_world,lithium,2012,0
rest_of_world,lithium,2013,0
rest_of_world,lithium,2014,0
rest_of_world,lithium,2015,0
rest_of_world,lithium,2016,0.162
rest_of_world,lithium,2017,1.06
rest_of_world,lithium,2018,2.297
rest_of_world,lithium,2019,1.797
total_world,lithium,1995,9.48548145
total_world,lithium,1996,14.78380347
total_world,lithium,1997,15.59114001
total_world,lithium,1998,14.19264404
total_world,lithium,1999,12.79285657
total_world,lithium,2000,14.2835708
total_world,lithium,2001,14.02915088
total_world,lithium,2002,15.43131323
total_world,lithium,2003,17.9070127
total_world,lithium,2004,19.25109375
total_world,lithium,2005,21.0205083
total_world,lithium,2006,25.25579248
total_world,lithium,2007,27.62893164
total_world,lithium,2008,27.67845557
total_world,lithium,2009,19.83719092
total_world,lithium,2010,28.15330176
total_world,lithium,2011,34.97149609
total_world,lithium,2012,36.57386719
total_world,lithium,2013,31.87856836
total_world,lithium,2014,32.18440918
total_world,lithium,2015,30.66521582
total_world,lithium,2016,39.97373535
total_world,lithium,2017,53.32358634
total_world,lithium,2018,95.24573828
total_world,lithium,2019,76.99213298
us,lithium,1995,3.5
us,lithium,1996,4
us,lithium,1997,4
us,lithium,1998,1.5
us,lithium,1999,1.5
us,lithium,2000,1.5
us,lithium,2001,1.5
us,lithium,2002,1.5
us,lithium,2003,1.5
us,lithium,2004,1.5
us,lithium,2005,1.5
us,lithium,2006,1.5
us,lithium,2007,1.5
us,lithium,2008,1.5
us,lithium,2009,1.5
us,lithium,2010,1
us,lithium,2011,1
us,lithium,2012,1
us,lithium,2013,0.87
us,lithium,2014,0.9
us,lithium,2015,0.9
us,lithium,2016,0.9
us,lithium,2017,0.9
us,lithium,2018,0.9
us,lithium,2019,0.9
zimbabwe,lithium,1995,0.52
zimbabwe,lithium,1996,0.5
zimbabwe,lithium,1997,0.7
zimbabwe,lithium,1998,1
zimbabwe,lithium,1999,0.7
zimbabwe,lithium,2000,0.74
zimbabwe,lithium,2001,0.7
zimbabwe,lithium,2002,0.64
zimbabwe,lithium,2003,0.48
zimbabwe,lithium,2004,0.24
zimbabwe,lithium,2005,0.26
zimbabwe,lithium,2006,0.6
zimbabwe,lithium,2007,0.3
zimbabwe,lithium,2008,0.5
zimbabwe,lithium,2009,0.4
zimbabwe,lithium,2010,0.47
zimbabwe,lithium,2011,0.47
zimbabwe,lithium,2012,1.06
zimbabwe,lithium,2013,1
zimbabwe,lithium,2014,0.9
zimbabwe,lithium,2015,0.9
zimbabwe,lithium,2016,1
zimbabwe,lithium,2017,0.8
zimbabwe,lithium,2018,1.6
zimbabwe,lithium,2019,1.6
australia,rare_earth,1995,0.11
australia,rare_earth,2007,0
australia,rare_earth,2008,0
australia,rare_earth,2009,0
australia,rare_earth,2010,0
australia,rare_earth,2011,2.188
australia,rare_earth,2012,3.222
australia,rare_earth,2013,1.268
australia,rare_earth,2014,6.2
australia,rare_earth,2015,11.907
australia,rare_earth,2016,13.873
australia,rare_earth,2017,17.263
australia,rare_earth,2018,18.556
australia,rare_earth,2019,17.613
brazil,rare_earth,1995,0.103
brazil,rare_earth,2001,0
brazil,rare_earth,2002,0
brazil,rare_earth,2003,0
brazil,rare_earth,2004,0.402
brazil,rare_earth,2005,0.527
brazil,rare_earth,2006,0.527
brazil,rare_earth,2007,0.645
brazil,rare_earth,2008,0.46
brazil,rare_earth,2009,0.17
brazil,rare_earth,2010,0.14
brazil,rare_earth,2011,0.14
brazil,rare_earth,2012,1.62
brazil,rare_earth,2013,0.33
brazil,rare_earth,2014,0
brazil,rare_earth,2015,0.88
brazil,rare_earth,2016,2.2
brazil,rare_earth,2017,1.7
brazil,rare_earth,2018,1.1
brazil,rare_earth,2019,1
china,rare_earth,1995,48
china,rare_earth,1996,55
china,rare_earth,1997,53
china,rare_earth,1998,60
china,rare_earth,1999,70
china,rare_earth,2000,73
china,rare_earth,2001,80.6
china,rare_earth,2002,88
china,rare_earth,2003,92
china,rare_earth,2004,98
china,rare_earth,2005,119
china,rare_earth,2006,133
china,rare_earth,2007,120
china,rare_earth,2008,125
china,rare_earth,2009,129
china,rare_earth,2010,89.2
china,rare_earth,2011,93.8
china,rare_earth,2012,93.8
china,rare_earth,2013,93.8
china,rare_earth,2014,105
china,rare_earth,2015,105
china,rare_earth,2016,105
china,rare_earth,2017,105
china,rare_earth,2018,120
china,rare_earth,2019,132
india,rare_earth,1995,5
india,rare_earth,1996,5
india,rare_earth,1997,5
india,rare_earth,1998,3.2
india,rare_earth,1999,1.698
india,rare_earth,2000,1.89
india,rare_earth,2001,2.651
india,rare_earth,2002,2.856
india,rare_earth,2003,2.891
india,rare_earth,2004,0.149
india,rare_earth,2005,0.093
india,rare_earth,2006,0.045
india,rare_earth,2007,0.035
india,rare_earth,2008,0.022
india,rare_earth,2009,0.016
india,rare_earth,2013,0.29460001
india,rare_earth,2014,1.695
india,rare_earth,2015,0.956
india,rare_earth,2016,1.5
india,rare_earth,2017,1.5
india,rare_earth,2018,2.9
india,rare_earth,2019,3
malaysia,rare_earth,1995,0.448
malaysia,rare_earth,1996,0.34
malaysia,rare_earth,1997,0.418
malaysia,rare_earth,1998,0.282
malaysia,rare_earth,1999,0.625
malaysia,rare_earth,2000,0.446
malaysia,rare_earth,2001,0.351
malaysia,rare_earth,2002,0.24
malaysia,rare_earth,2003,0.36
malaysia,rare_earth,2004,0.8
malaysia,rare_earth,2005,0.15
malaysia,rare_earth,2006,0.43
malaysia,rare_earth,2007,0.38
malaysia,rare_earth,2008,0.12
malaysia,rare_earth,2009,0.013
malaysia,rare_earth,2010,0.38
malaysia,rare_earth,2011,0.41
malaysia,rare_earth,2012,0.1
malaysia,rare_earth,2013,0.18
malaysia,rare_earth,2014,0.24
malaysia,rare_earth,2015,0.31
malaysia,rare_earth,2016,1.876
malaysia,rare_earth,2017,0.302
malaysia,rare_earth,2018,0.086
malaysia,rare_earth,2019,0.086
rest_of_world,rare_earth,1995,0.14
rest_of_world,rare_earth,1996,0.13
rest_of_world,rare_earth,1997,0.12
rest_of_world,rare_earth,1998,0.12
rest_of_world,rare_earth,1999,0.12
rest_of_world,rare_earth,2009,0
rest_of_world,rare_earth,2010,0.17
rest_of_world,rare_earth,2011,0.2
rest_of_world,rare_earth,2012,0.2
rest_of_world,rare_earth,2013,0.1
rest_of_world,rare_earth,2014,0
rest_of_world,rare_earth,2015,0.25
rest_of_world,rare_earth,2016,0.22
rest_of_world,rare_earth,2017,0.25
rest_of_world,rare_earth,2018,23.92
rest_of_world,rare_earth,2019,27.3
russian_federation,rare_earth,1995,1.74
russian_federation,rare_earth,1996,1.74
russian_federation,rare_earth,1997,1.74
russian_federation,rare_earth,1998,1.74
russian_federation,rare_earth,1999,2.61
russian_federation,rare_earth,2000,2.61
russian_federation,rare_earth,2001,3.53162012
russian_federation,rare_earth,2002,2.58012988
russian_federation,rare_earth,2003,1.72259998
russian_federation,rare_earth,2004,2.24691992
russian_federation,rare_earth,2005,2.15643994
russian_federation,rare_earth,2006,2.935
russian_federation,rare_earth,2007,2.711
russian_federation,rare_earth,2008,2.47
russian_federation,rare_earth,2009,1.898
russian_federation,rare_earth,2010,1.4955
russian_federation,rare_earth,2011,1.44359998
russian_federation,rare_earth,2012,2.13130005
russian_federation,rare_earth,2013,1.44309998
russian_federation,rare_earth,2014,2.13380005
russian_federation,rare_earth,2015,2.31230005
russian_federation,rare_earth,2016,3.1
russian_federation,rare_earth,2017,2.5
russian_federation,rare_earth,2018,2.6
russian_federation,rare_earth,2019,2.6
thailand,rare_earth,1995,0
thailand,rare_earth,1996,0
thailand,rare_earth,1997,0.012
thailand,rare_earth,2009,4
thailand,rare_earth,2010,5.6
thailand,rare_earth,2011,3.1
thailand,rare_earth,2012,0.12
thailand,rare_earth,2013,0.13
thailand,rare_earth,2014,1.9
thailand,rare_earth,2015,0.76
thailand,rare_earth,2016,1.6
thailand,rare_earth,2017,1.3
thailand,rare_earth,2018,0
thailand,rare_earth,2019,0
total_world,rare_earth,1995,77.741
total_world,rare_earth,1996,82.61
total_world,rare_earth,1997,70.29
total_world,rare_earth,1998,70.342
total_world,rare_earth,1999,75.053
total_world,rare_earth,2000,77.946
total_world,rare_earth,2001,87.13362012
total_world,rare_earth,2002,93.67612988
total_world,rare_earth,2003,96.97359998
total_world,rare_earth,2004,101.59791992
total_world,rare_earth,2005,121.92643994
total_world,rare_earth,2006,136.937
total_world,rare_earth,2007,123.771
total_world,rare_earth,2008,128.072
total_world,rare_earth,2009,135.097
total_world,rare_earth,2010,96.9855
total_world,rare_earth,2011,101.28159998
total_world,rare_earth,2012,104.19330005
total_world,rare_earth,2013,103.04569998
total_world,rare_earth,2014,122.56880005
total_world,rare_earth,2015,128.27530005
total_world,rare_earth,2016,129.369
total_world,rare_earth,2017,129.815
total_world,rare_earth,2018,187.162
total_world,rare_earth,2019,209.599
us,rare_earth,1995,22.2
us,rare_earth,1996,20.4
us,rare_earth,1997,10
us,rare_earth,1998,5
us,rare_earth,2008,0
us,rare_earth,2009,0
us,rare_earth,2010,0
us,rare_earth,2011,0
us,rare_earth,2012,3
us,rare_earth,2013,5.5
us,rare_earth,2014,5.4
us,rare_earth,2015,5.9
us,rare_earth,2016,0
us,rare_earth,2017,0
us,rare_earth,2018,18
us,rare_earth,2019,26
